id,canonical_name,city,county,address,active_lat,active_lng,lat_google,lng_google,distance_km,bucket,geo_source,google_place_name,google_formatted_address,google_match_type
219,NK Sloboda (G),Varaždin,,"Ognjena Price 31, 42000 Varaždin",42.640897,18.1109367,46.3134802,16.3410299,431.811,far,nominatim,NK Sloboda,"O. Price 31, 42000, Varaždin",places_textsearch
544,NK Sloboda (GB),,Brodsko-posavska županija,,42.640897,18.1109367,46.3134802,16.3410299,431.811,far,nominatim,NK Sloboda,"O. Price 31, 42000, Varaždin",places_textsearch
788,NK Sloboda (S),,Međimurska županija,"Slakovec 61B, Slakovec",42.640897,18.1109367,46.3134802,16.3410299,431.811,far,nominatim,NK Sloboda,"O. Price 31, 42000, Varaždin",places_textsearch
803,NK Sloboda (M),,Međimurska županija,"Prvomajska ulica 7, Mihovljan",42.640897,18.1109367,46.3134802,16.3410299,431.811,far,nominatim,NK Sloboda,"O. Price 31, 42000, Varaždin",places_textsearch
679,NK Sinđelić,Rijeka,Vukovarsko-srijemska županija,"Omladisnka 8, 51000 Rijeka",45.3267976,14.442208,45.420889900000006,18.9046838,348.685,far,nominatim,NK Sinđelić Trpinja,"Ul. Novi šor, 32224, Trpinja",places_textsearch
587,NK Olimpija,Ljubljana,,"Vojkova ulica 100, 1000 Ljubljana",45.5549963,18.7328197,46.080521499999996,14.523625500000001,331.349,far,nominatim,NK Olimpija Ljubljana,"Vojkova cesta 100, 1000 Ljubljana, Slovenija",places_textsearch
684,NK Vidor Matijević,,Vukovarsko-srijemska županija,"b. b., Srijemske Laze",44.64164,15.0362766,45.2261962,18.926262299999998,312.998,far,nominatim,NK Vidor,"Ul. Branka Radičevića 63, 32242, Srijemske Laze",places_textsearch
519,NK SOKO 1970,,Brodsko-posavska županija,"Strossmayerova b. b., 35424 Orubica",45.2073233,13.8987029,45.1461982,17.4709033,280.062,far,nominatim,Stadion Brišće,"Ul. Josipa Juraja Strossmayera, 35424, Orubica",places_textsearch
552,NK Slaven (LJ),,Brodsko-posavska županija,"Ljupina 60 35000 Nova Gradiška, 35400 Ljupina",42.6671835,18.1309781,45.1655593,17.8093497,278.998,far,nominatim,NK Slavonac,"Omladinska ul. 2, 35253, Brodski Stupnik",places_textsearch
715,NK Hrvatski Sokol (M),,Vukovarsko-srijemska županija,"Josifa Pančića 7A, Mirkovci",45.4937587,15.5534281,45.276486999999996,18.8457249,258.231,far,nominatim,NK Hrvatski Sokol Mirkovci,"32100, Mirkovci",places_textsearch
688,NK Hajduk Mirko,,Vukovarsko-srijemska županija,"Nogometna 9, Mirkovci",45.8055537,15.87469,45.270843,18.8462986,238.942,far,nominatim,NK Hajduk Mirko Mirkovci,"Ulica Nogometna, 32100, Mirkovci",places_textsearch
665,NK Croatia (S),LIČKI OSIK,Šibensko-kninska županija,LIČKI OSIK 66,43.6759752,16.11682,45.7879642,16.0014337,235.019,far,nominatim,NK Croatia 98,"Avenija Marina Držića 102, 10000, Zagreb",places_textsearch
420,NK Galovac,Bjelovar,Bjelovarsko-bilogorska županija,"Galovac b.b., 43000 Bjelovar, Galovac",45.8439994,16.8524578,44.0823161,15.3760495,227.731,far,nominatim,NŠK Galovac,"39JG+WC, Galovac ul. I 1G, 23206, Galovac",places_textsearch
843,NK Željezničar 1946,,Brodsko-posavska županija,"Aleja Miroslava Krleže 4, 35000 Slavonski Brod",43.5008109,16.4455708,45.1693773,18.0335684,224.433,far,nominatim,HNK Željezničar,"Aleja Miroslava Krleže, 35000, Slavonski Brod",places_textsearch
424,NK Junak (VP),Veliki Pašijan,Bjelovarsko-bilogorska županija,"Veliki Pašijan 116, 43 280 Garešnica, Veliki Pašijan",45.6364044,16.9307955,43.7028294,16.653297700000003,216.12,far,nominatim,NK Junak,"Put Šumarije 16, 21230, Sinj",places_textsearch
610,NK Columbus 2005,Suza,Osječko-baranjska županija,"Željeznička b. b., 31308 Suza",45.782234,18.7760867,45.801638499999996,16.0014392,215.125,far,nominatim,Hrvatski nogometni savez,"Ul. grada Vukovara 269A, 10000, Zagreb",places_textsearch
801,NK Jedinstvo (GM),,Međimurska županija,"Gornji Mihaljevec 5A, Gornji Mihaljevec",45.3014894,18.4168785,46.4265244,16.3275979,204.491,far,nominatim,NK Jedinstvo,"Gornji Mihaljevec 5A, 40306, Gornji Mihaljevec",places_textsearch
817,NK Jedinstvo (NSD),,Međimurska županija,"Gornji Mihaljevec 5A, Gornji Mihaljevec",45.3014894,18.4168785,46.4265244,16.3275979,204.491,far,nominatim,NK Jedinstvo,"Gornji Mihaljevec 5A, 40306, Gornji Mihaljevec",places_textsearch
364,NK Radnički,Vukovar,,"Kolodvorska ul. 2, 32000 Vukovar",46.0292845,16.5208886,45.3716974,18.957563,202.856,far,nominatim,HNK Radnički Vukovar,"Kudeljarska ul. 6, 32000, Vukovar",places_textsearch
585,HNK Radnički (M),Vukovar,,"Kolodvorska ul. 2, 32000 Vukovar",46.0292845,16.5208886,45.3716974,18.957563,202.856,far,nominatim,HNK Radnički Vukovar,"Kudeljarska ul. 6, 32000, Vukovar",places_textsearch
793,NK Sloga (Č),Konjščina,,"Sportska bb, 49282 Konjščina",45.54993,18.6782096,46.0559787,16.1763288,201.927,far,nominatim,NK Sloga,"Sportska ul., 49282, Konjščina",places_textsearch
834,NK Sloga (NG),Konjščina,,"Sportska bb, 49282 Konjščina",45.54993,18.6782096,46.0559787,16.1763288,201.927,far,nominatim,NK Sloga,"Sportska ul., 49282, Konjščina",places_textsearch
579,NK Bratstvo (JA),Gračanica,Osječko-baranjska županija,"GRACANICA PATRIOTSKE LIGE BB, 75320, GRAČANICA, BiH",45.4517849,16.0658954,44.6947884,18.2971572,194.373,far,nominatim,NK Bratstvo Gračanica,"M7VW+WV7, Gračanica, Bosna i Hercegovina",places_textsearch
649,NK Bratstvo (R),Gračanica,Osječko-baranjska županija,"GRACANICA PATRIOTSKE LIGE BB, 75320, GRAČANICA, BiH",45.4517849,16.0658954,44.6947884,18.2971572,194.373,far,nominatim,NK Bratstvo Gračanica,"M7VW+WV7, Gračanica, Bosna i Hercegovina",places_textsearch
606,NK Međimurec (K),Nedelišće,Osječko-baranjska županija,"Pretetinec 67, 40305 Nedelišće, HRVATSKA",45.7246372,18.6731859,46.389088699999995,16.370649099999998,192.411,far,nominatim,NOGOMETNI KLUB MEĐIMUREC,"Pretetinec 67, 40305, Pretetinec",places_textsearch
689,NK Zrinski (T),Zrinski Topolovac,Vukovarsko-srijemska županija,"Z. Topolovac b. b., 43202 Zrinski Topolovac",45.3484967,18.9806231,46.01555630000001,16.751865,188.352,far,nominatim,Nogometni klub Zrinski,"43202, Zrinski Topolovac",places_textsearch
485,NK Slavonac Novaki,Novaki,Virovitičko-podravska županija,"Matije Gupca 16,Novaki",45.8832328,15.8620968,45.1655593,17.8093497,171.401,far,nominatim,NK Slavonac,"Omladinska ul. 2, 35253, Brodski Stupnik",places_textsearch
833,NK Slavonac (NK),Novaki,,"Matije Gupca 16,Novaki",45.8832328,15.8620968,45.1655593,17.8093497,171.401,far,nominatim,NK Slavonac,"Omladinska ul. 2, 35253, Brodski Stupnik",places_textsearch
533,NK Bratstvo (V),,Brodsko-posavska županija,"Slavonska ulica 16, Vranovci",45.7171104,16.0618129,45.1819521,18.079512599999997,168.263,far,nominatim,Nk ''Bratstvo'' Vranovci,"35209, Vranovci",places_textsearch
148,NK Sloga (H),,Sisačko-moslavačka županija,"Jazavica 96A, Jazavica",45.54993,18.6782096,45.6624276,16.5245864,167.993,far,nominatim,NK Sloga Križ,"Tomičeka Zdenka 2, 10314, Križ",places_textsearch
670,NK Slavonac (G),Lipovljani,Vukovarsko-srijemska županija,"Sajmišna b. b., 44322 Lipovljani",45.1518185,18.9566069,45.4024553,16.8817759,164.716,far,nominatim,ŠNK Slavonac,"44322, Lipovljani",places_textsearch
674,NK Slavonac (K),Lipovljani,Vukovarsko-srijemska županija,"Sajmišna b. b., 44322 Lipovljani",45.1518185,18.9566069,45.4024553,16.8817759,164.716,far,nominatim,ŠNK Slavonac,"44322, Lipovljani",places_textsearch
463,NK Mladost (V),Jasenovac,Vukovarsko-srijemska županija,"Košutarica b. b., 44324 Jasenovac Košutarica",45.3080923,18.8499196,45.2693582,16.9101963,151.801,far,nominatim,Slastičarna Mladost,"44324, D47 21, 44324, Jasenovac",places_textsearch
537,NK Mladost (C),Jasenovac,Vukovarsko-srijemska županija,"Košutarica b. b., 44324 Jasenovac Košutarica",45.3080923,18.8499196,45.2693582,16.9101963,151.801,far,nominatim,Slastičarna Mladost,"44324, D47 21, 44324, Jasenovac",places_textsearch
685,NK Mladost (A),Jasenovac,Vukovarsko-srijemska županija,"Košutarica b. b., 44324 Jasenovac Košutarica",45.3080923,18.8499196,45.2693582,16.9101963,151.801,far,nominatim,Slastičarna Mladost,"44324, D47 21, 44324, Jasenovac",places_textsearch
484,NK Krčevina,Čađavački Lug,Virovitičko-podravska županija,"Osječka 131, Čađavački Lug, Čađavica",45.554738,18.0441985,45.685049199999995,16.1188105,150.436,far,nominatim,NK Ban Jelačić Vukovina,"10419, Vukovina",places_textsearch
546,NK Trenk,,Brodsko-posavska županija,"Seoce 51A, 35410 Seoce",45.8219827,16.032844,45.173436699999996,17.6414919,144.635,far,nominatim,NK Trenk Seoce,"35410, Seoce",places_textsearch
845,NK Kaptol,,,"Vetovačka 4B, Kaptol",45.4314315,17.7252151,45.801638499999996,16.0014392,140.243,far,nominatim,Hrvatski nogometni savez,"Ul. grada Vukovara 269A, 10000, Zagreb",places_textsearch
371,NK Jadran - Galeb,,,"Koledinec b. b., 48312 Koledinec",45.7707442,15.994581,45.306512999999995,14.488398499999999,128.16,far,nominatim,Jedriličarski klub Galeb,"51221, Kostrena, Hrvatska",places_textsearch
768,NK Grk,,Dubrovačko-neretvanska županija,"Gruda 9, 20244 Potomje",42.7620995,16.5291526,42.6543661,18.0779506,127.113,far,nominatim,NK GOŠK - Dubrovnik 1919,"Ul. kralja Tomislava 2, 20000, Dubrovnik",places_textsearch
639,NK Drava Nard,Valpovo,Osječko-baranjska županija,Valpovačka-31550VALPOVO-Croatia,45.6595827,18.4815811,46.081976399999995,16.9576472,126.989,far,nominatim,NK Drava NP,"Sajmišna ul. 40, 48325, Novigrad Podravski",places_textsearch
516,NK Sava (S),,Brodsko-posavska županija,"Mačkovac 79, Mačkovac",45.1494757,17.2497111,45.7829218,15.9404014,124.041,far,nominatim,NK Sava,"Gredice 159, 10000, Zagreb",places_textsearch
617,NK Vihor (J),,Osječko-baranjska županija,"ŠPORTSKA 9, Jelisavac",45.7995452,15.7771383,44.9669891,14.747212,122.637,far,nominatim,"Nogometni Klub ""Vihor""","Ul. Emila Geistlicha 38, 51523, Baška",places_textsearch
285,NK Gavran 2003,Zagreb,Grad Zagreb,"Lanište 9a, 10000 Zagreb",45.7751587,15.9494847,45.0401758,14.940784299999999,113.488,far,nominatim,NK Bunjevac Gavran,"2WRR+38, 53271, Podbilo",places_textsearch
558,NK Budućnost (R),,Brodsko-posavska županija,"Vladimira Nazora 19, Rešetari",45.2979567,18.8084739,45.2600517,17.421543,108.598,far,nominatim,NK Budućnost,"Vladimira Nazora bb, 35403, Rešetari",places_textsearch
591,NK Budućnost (G),,Osječko-baranjska županija,"Bolokan 20, Gorjani",45.2979567,18.8084739,45.2600517,17.421543,108.598,far,nominatim,NK Budućnost,"Vladimira Nazora bb, 35403, Rešetari",places_textsearch
707,NK Posavac,Posavski Podgajci,Vukovarsko-srijemska županija,"Matije Gupca 55, 32258 Posavski Podgajci",44.9669017,18.828755,45.1129356,17.5221366,103.939,far,nominatim,NK Posavac Davor,"Športska ul., 35425, Davor",places_textsearch
608,NK Napredak (B),Batina,Osječko-baranjska županija,"Vladimira Nazora b. b., 31306 Batina",45.8516945,18.8499509,45.0060473,18.652195499999998,95.289,far,nominatim,"Caffe NK ""Napredak"" -JASTREB","2M42+CV8, Bana Jelačića, Matići, Bosna i Hercegovina",places_textsearch
567,HNK Velebit (B),,Zadarska županija,"Stjepana Radića 10, 23420 Benkovac",44.6713368,14.8837254,44.0352927,15.612793700000001,91.444,far,nominatim,HNK Velebit Benkovac,"23420, Benkovac",places_textsearch
604,NK Jovan Lazić,Bolman,Osječko-baranjska županija,"S. Kovačevića 46, 31323 Bolman",45.7219029,18.5169211,45.1043306,17.746217599999998,91.294,far,nominatim,"NK ""Slavonac"" Slavonski Kobaš","Josipa Kozarca 3, 35255, Slavonski Kobaš",places_textsearch
156,NK Matija Gubec (K),,Sisačko-moslavačka županija,Kutina,45.8197569,15.8329976,45.4906928,16.773234,81.725,far,nominatim,NK Matija Gubec,"Ul. kralja Zvonimira 45, 44320, Kutina",places_textsearch
523,NK Slavija (SPS),,Brodsko-posavska županija,,45.3052313,18.8103933,45.288674,17.802895499999998,78.826,far,nominatim,NK Slavija Pleternica,"34310, Pleternica",places_textsearch
784,NK Omladinac (NSR),,,"Strelec 66b, Strelec",45.8975233,16.8418012,45.7087728,15.9189175,74.554,far,nominatim,NK Omladinac,"Strmečka cesta 56, 10000, Strmec",places_textsearch
846,NK Omladinac (GV),,,"Strelec 66b, Strelec",45.8975233,16.8418012,45.7087728,15.9189175,74.554,far,nominatim,NK Omladinac,"Strmečka cesta 56, 10000, Strmec",places_textsearch
438,NK Turbina,,Primorsko-goranska županija,"Tribalj 21, 51243 Tribalj",45.495829,15.5473736,45.2200755,14.679170099999999,74.444,far,nominatim,NK Turbina,"Tribalj 21, 51243, Tribalj",places_textsearch
672,NK Mladost (P),,Splitsko-dalmatinska županija,"TRG DR.FRANJE TUĐMANA 5, Donji Proložac",43.5177436,16.4623215,43.126592200000005,17.187691,73.04,far,nominatim,NOGOMETNI KLUB MLADOST,"21469, Sućuraj",places_textsearch
225,NK Posavec,,Zagrebačka županija,"Orle 5, 10411 Orle",46.3724694,16.3825301,45.760567699999996,16.1385938,70.595,far,nominatim,NK Posavec,"Trnje 1, 10410, Trnje",places_textsearch
492,NK Sloga Trenkovo,Velika,Požeško-slavonska županija,"34330 Velika, RH",45.4435462,17.6650333,45.115628199999996,18.4226171,69.592,far,nominatim,Nk sloga,"35224, Jaruge",places_textsearch
595,NK Polet (S),,Osječko-baranjska županija,"ŠKOLSKA 25, Semeljci",45.298096,18.7941164,45.5913125,18.025937499999998,68.223,far,nominatim,Nk Polet Bokšić,"H2RG+G9, 31511, Bokšić",places_textsearch
602,ŠNK Polet (K),,Osječko-baranjska županija,"Nikole Tesle 17, Karanac",45.298096,18.7941164,45.5913125,18.025937499999998,68.223,far,nominatim,Nk Polet Bokšić,"H2RG+G9, 31511, Bokšić",places_textsearch
356,NK Drava (SP),Ptuj,,"Čučkova ulica 7, 2250 Ptuj",46.3164146,16.7313964,46.4170486,15.875011,66.655,far,nominatim,FC Drava Ptuj,"Čučkova ulica 7, 2250 Ptuj, Slovenija",places_textsearch
257,NK Mladost (B),,Brodsko-posavska županija,"Bicko Selo BB, Bicko Selo",45.284731,17.3804903,45.0972641,18.18282,66.239,far,nominatim,NK MLADOST DONJA BEBRINA,"Donja Bebrina 63, 35208, Donja Bebrina",places_textsearch
399,NK Mladost (DB),,Brodsko-posavska županija,"Bicko Selo BB, Bicko Selo",45.284731,17.3804903,45.0972641,18.18282,66.239,far,nominatim,NK MLADOST DONJA BEBRINA,"Donja Bebrina 63, 35208, Donja Bebrina",places_textsearch
525,NK Mladost (JM),,Brodsko-posavska županija,"Bicko Selo BB, Bicko Selo",45.284731,17.3804903,45.0972641,18.18282,66.239,far,nominatim,NK MLADOST DONJA BEBRINA,"Donja Bebrina 63, 35208, Donja Bebrina",places_textsearch
535,NK Šokadija (SR),,Brodsko-posavska županija,"Šumeće 13, Šumeće",45.5883247,18.0320121,45.1105728,18.5382099,66.233,far,nominatim,NK Šokadija,"Sajmište ul. 18, 32276, Babina Greda",places_textsearch
543,NK Šokadija (Š),,Brodsko-posavska županija,"Šumeće 13, Šumeće",45.5883247,18.0320121,45.1105728,18.5382099,66.233,far,nominatim,NK Šokadija,"Sajmište ul. 18, 32276, Babina Greda",places_textsearch
603,NK Šokadija (D),Babina Greda,Osječko-baranjska županija,"Trg hrvatske mladeži 1, Duboševica",45.5883247,18.0320121,45.1105728,18.5382099,66.233,far,nominatim,NK Šokadija,"Sajmište ul. 18, 32276, Babina Greda",places_textsearch
681,NK Šokadija (BG),Babina Greda,,"Sajmište 18, Babina Greda",45.5883247,18.0320121,45.1105728,18.5382099,66.233,far,nominatim,NK Šokadija,"Sajmište ul. 18, 32276, Babina Greda",places_textsearch
529,NK MV Croatia 1976,,Brodsko-posavska županija,"Stadionska bb, 35000 Slavonski Brod",45.2594168,17.2008515,45.1498038,17.9843238,62.58,far,nominatim,NK MV Croatia 1976,"Stadionska ul. 10, 35000, Slavonski Brod",places_textsearch
668,NK Frankopan (RA),,,"Galdovačka 4c, SISAK",45.8942294,16.8313763,45.4762519,16.387735499999998,57.86,far,nominatim,ŠNK Frankopan,"Galdovačka ul. 4, 44000, Sisak",places_textsearch
327,ŠNK Gora,Ludbreg,Varaždinska županija,"Ludbreška 141, Globočec, 42230 Ludbreg",46.2784528,15.9121081,46.2346177,16.6507284,56.996,far,nominatim,NK Gora Globočec,"Ludbreška ul. 112, 42230, Globočec Ludbreški",places_textsearch
153,NK Dinamo (O),Sisak,Sisačko-moslavačka županija,"Antuna Cuvaja 16/II kat, 44000 Sisak",45.5713115,16.6270566,45.818516599999995,16.016972100000004,54.779,far,nominatim,GNK Dinamo,"Maksimirska Cesta 128, 10000, Zagreb",places_textsearch
213,NK Croatia (P),,,"Stankovci 11, Stankovci",45.3658443,15.6575209,45.7879642,16.0014337,54.033,far,nominatim,NK Croatia 98,"Avenija Marina Držića 102, 10000, Zagreb",places_textsearch
221,NK Croatia (NK),,,"Stankovci 11, Stankovci",45.3658443,15.6575209,45.7879642,16.0014337,54.033,far,nominatim,NK Croatia 98,"Avenija Marina Držića 102, 10000, Zagreb",places_textsearch
146,NK Sloga (J),,Brodsko-posavska županija,"Ulica Stružani 47, Stružani",45.54993,18.6782096,45.115628199999996,18.4226171,52.262,far,nominatim,Nk sloga,"35224, Jaruge",places_textsearch
513,NK Sloga (V),,Brodsko-posavska županija,"Ulica Stružani 47, Stružani",45.54993,18.6782096,45.115628199999996,18.4226171,52.262,far,nominatim,Nk sloga,"35224, Jaruge",places_textsearch
540,NK Gaj (Z),,Brodsko-posavska županija,"Zbjeg 0, Zbjeg",45.1931654,18.0161918,45.5442379,18.4578305,52.098,far,nominatim,NK Gaj,"31223, Brođanci",places_textsearch
422,NK Sokol (S),,Bjelovarsko-bilogorska županija,"Braće Radića 12A, Sokolovac",45.5953497,17.2225016,45.6094443,16.5810835,49.924,far,nominatim,NK Sokol,"15A, 44316, Velika Ludina",places_textsearch
425,HNK Jovača (MS),,Bjelovarsko-bilogorska županija,"Marino Selo b. b., 34551 Marino Selo",45.9366157,16.9557331,45.4905414,16.9546284,49.601,far,nominatim,HNK Jovača Marino Selo,"34543, Marino Selo",places_textsearch
534,NK Dilj (K),,Brodsko-posavska županija,"Kralja Tomislava 47, Klokočevik",45.2416141,18.1536639,45.283271000000006,18.7797888,49.222,far,nominatim,NK Dilj-nogometno igralište,"Diljeva ul. 24, 32100, Vinkovci",places_textsearch
214,"NK ""FARKAŠ""",Velika Gorica,Zagrebačka županija,"Marina Getaldića 3, 10410 Velika Gorica",45.7111627,16.0583506,45.883578799999995,16.6367628,48.768,far,nominatim,NK Farkaš,"Farkaševac 35A, 10344, Farkaševac",places_textsearch
326,ŠNK Sloga,,Varaždinska županija,"Slokovec 53a 42230 Ludbreg, 42230 Slokovec",46.2902912,16.7088886,46.0559787,16.1763288,48.584,far,nominatim,NK Sloga,"Sportska ul., 49282, Konjščina",places_textsearch
404,NK Mlinar,Dežanovac,Bjelovarsko-bilogorska županija,"Gornji Sređani b. b., 43506 Dežanovac, Gornji Sređani",45.8965163,16.8413608,45.5272783,17.1577098,47.844,far,nominatim,NK Mlinar,"Gornji Sređani 72A, 43506, Gornji Sređani",places_textsearch
772,NK Jadran Smokvica,Smokvica,Dubrovačko-neretvanska županija,"Smokvica 80, 20272 Smokvica",42.9303211,16.8792255,43.047157899999995,17.440613799999998,47.474,far,nominatim,NK Jadran LP,"Dalmatinska ul., 20340, Ploče",places_textsearch
701,NK Hajduk (T),,Vukovarsko-srijemska županija,"Kolodvorska 1, Tovarnik",45.3358902,18.6864966,45.1971296,19.2573759,47.266,far,nominatim,NK Hajduk Bapska,"Ul. kralja Tomislava, 32235, Bapska",places_textsearch
387,NK Ribar (K),Kopačevo,Osječko-baranjska županija,"Podunavska 34, 31327 Kopačevo",45.3234294,18.3792171,45.6040561,18.7848525,44.435,far,nominatim,NK Ribar,"31327, Kopačevo",places_textsearch
618,NK Željezničar (MN),,Osječko-baranjska županija,"Željeznička 2, Markovac Našički",45.5548627,18.6816406,45.4974474,18.12352,43.944,far,nominatim,NK Željezničar Markovac Našički,"31500, Markovac Našički",places_textsearch
431,NK Radnički (VV),Bjelovar,Bjelovarsko-bilogorska županija,"Poljana Dr. Franje Tuđmana 5, 43 000 Bjelovar",45.5202593,16.8845703,45.9069334,16.8541371,43.061,far,nominatim,NK Bjelovar,"Poljana dr. Franje Tuđmana 5, 43000, Bjelovar",places_textsearch
300,NK Frankopan (B),Karlovac,Karlovačka županija,"Brežani 9/b, 47000 Karlovac",45.2675976,15.2244322,45.46306680000001,15.695692399999999,42.754,far,nominatim,NK Frankopan Brežani,"47212, Brežani",places_textsearch
421,HNK Hajduk (LB),,Bjelovarsko-bilogorska županija,,45.7994716,17.0646813,45.429738,17.1936598,42.319,far,nominatim,NK Hajduk,"Ulica kralja Tomislava bb, 34550, Pakrac",places_textsearch
868,NK Jedinstvo (DM),Pustakovec,,"Pustakovec 68, 48314 Pustakovec",46.2304858,16.7955538,46.4265244,16.3275979,42.026,far,nominatim,NK Jedinstvo,"Gornji Mihaljevec 5A, 40306, Gornji Mihaljevec",places_textsearch
710,NK Jadran (G),,Vukovarsko-srijemska županija,"7300-7398 Colonial Rd, Brooklyn, NY 11209, USA",45.2338528,18.7405769,45.5398158,18.4257782,41.974,far,nominatim,NK Jadran Habjanovci,"31223, Habjanovci",places_textsearch
749,NK Veli Vrh,,Istarska županija,"Veli Vrh 1, 52100 Pula",45.2107125,13.6181389,44.8898582,13.8510122,40.094,far,nominatim,NK Veli Vrh,"52100, Pula",places_textsearch
697,NK Rusin,,Vukovarsko-srijemska županija,"Trg Žrtava Domovinskog rata 1 Mikluševci 32238 Čakovci, Mikluševci",45.2512468,19.0846544,45.3272712,18.589097,39.678,far,nominatim,NK Naprijed,"Vrbička 6, 32284, Mrzović",places_textsearch
396,NK Polet (N),,Bjelovarsko-bilogorska županija,"Gornji Uljanik 2A, Gornji Uljanik",45.8278629,16.7514286,45.5301617,17.0308843,39.587,far,nominatim,NK Polet Uljanik,"2A, 43280, Gornji Uljanik",places_textsearch
428,NK Polet (U),,Bjelovarsko-bilogorska županija,"Gornji Uljanik 2A, Gornji Uljanik",45.8278629,16.7514286,45.5301617,17.0308843,39.587,far,nominatim,NK Polet Uljanik,"2A, 43280, Gornji Uljanik",places_textsearch
655,NK Hrvatski Sokol (B),,Osječko-baranjska županija,"M.GUPCA 2A, Bocanjevci",45.7344702,18.2541647,45.5580588,18.680284,38.497,far,nominatim,HRVATSKI SOKOL OSJEČKO-BARANJSKE ŽUPANIJE OSIJEK,"Ul. Hrvatske Republike 11, 31000, Osijek",places_textsearch
448,NK Risnjak,,Primorsko-goranska županija,"Šetalište Golubinjak 6, 51316 Lokve",45.364876,14.2661606,45.3563851,14.7507815,37.875,far,nominatim,Nogometno igralište NK Risnjak,"51316, Lokve",places_textsearch
426,NK Mladost - Nada,,Bjelovarsko-bilogorska županija,"Hrastovac b. b., 43280 Garešnica, Hrastovac",45.8782987,16.8715764,45.5513374,16.990396,37.509,far,nominatim,NK Mladost-Nada Hrastovac,"Trg Ante Starčevića 4, 43280, Hrastovac",places_textsearch
588,NK HOŠK,,Osječko-baranjska županija,"Kralja Tomislava b. b. Gašinci 31421 Đakovačka Satnica, Gašinci",45.3350343,18.311631,45.566533,18.6569862,37.261,far,nominatim,NK Osijek,"Ul. Josipa Jurja Strossmayera 126b, 31000, Osijek",places_textsearch
345,NK Lipa,,Koprivničko-križevačka županija,"Bana Josipa Jelačića 47b, 48323 Hlebine",46.0352862,16.5411178,46.1545897,16.9612196,35.005,far,nominatim,"NK Lipa Hlebine, Nogometno igralište","Ul. bana Josipa Jelačića 47B, 48323, Hlebine",places_textsearch
346,NK Mladost (SĐ),,Osječko-baranjska županija,"Kardinala Alojzija Stepinca 14, Čeminac",45.5515869,18.6999882,45.3543466,18.3682099,33.923,far,nominatim,NK Mladost Satnica Đakovačka,"Ul. kralja Tomislava 54, 31421, Satnica Đakovačka",places_textsearch
641,NK Mladost (T),,Osječko-baranjska županija,"Kardinala Alojzija Stepinca 14, Čeminac",45.5515869,18.6999882,45.3543466,18.3682099,33.923,far,nominatim,NK Mladost Satnica Đakovačka,"Ul. kralja Tomislava 54, 31421, Satnica Đakovačka",places_textsearch
654,NK Mladost (H),,Osječko-baranjska županija,"Kardinala Alojzija Stepinca 14, Čeminac",45.5515869,18.6999882,45.3543466,18.3682099,33.923,far,nominatim,NK Mladost Satnica Đakovačka,"Ul. kralja Tomislava 54, 31421, Satnica Đakovačka",places_textsearch
646,NK Podravac (PM),,Osječko-baranjska županija,,45.6939801,18.3939436,45.78572330000001,17.9806951,33.653,far,nominatim,NK Podravac,"31530, Podravska Moslavina",places_textsearch
596,NK Zrinski (D),Punitovci,Osječko-baranjska županija,"Stjepana Radića 58, 31424 Punitovci",45.5427557,18.046028,45.439542,18.443342599999998,33.029,far,nominatim,NK Zrinski,"CCQV+R8, 31424, Jurjevac Punitovački",places_textsearch
632,NK Vitez '92,,Osječko-baranjska županija,"K. Zvonimira 19a 31216, Antunovac",45.7716738,18.6053533,45.487190999999996,18.670554199999998,32.037,far,nominatim,NK Vitez '92,"Ul. Hrvatske Republike 21A, 31216, Antunovac",places_textsearch
582,NK Slavonac (T),,Osječko-baranjska županija,"Ulica Svete Ane 1, Tenja",45.6634147,18.4109122,45.5322968,18.0869776,29.116,far,nominatim,NK Slavonac,"Ul. Matije Gupca, 31511, Pribiševci",places_textsearch
643,NK Slavonac (L),,Osječko-baranjska županija,"Ulica Svete Ane 1, Tenja",45.6634147,18.4109122,45.5322968,18.0869776,29.116,far,nominatim,NK Slavonac,"Ul. Matije Gupca, 31511, Pribiševci",places_textsearch
197,NK Zrinski,,Zagrebačka županija,"Farkaševec Samoborski 130, Farkaševec Samoborski",45.7516896,16.1096319,45.8170132,15.746783800000001,29.059,far,nominatim,NK Zrinski Farkaševec,"Farkaševec ul. 130, 10430, Samobor",places_textsearch
175,NK Mladost (G),Jasenovac,Sisačko-moslavačka županija,"Košutarica b. b., 44324 Jasenovac Košutarica",45.4933092,16.7318038,45.2693582,16.9101963,28.535,far,nominatim,Slastičarna Mladost,"44324, D47 21, 44324, Jasenovac",places_textsearch
180,NK Mladost (K),Jasenovac,Sisačko-moslavačka županija,"Košutarica b. b., 44324 Jasenovac Košutarica",45.4933092,16.7318038,45.2693582,16.9101963,28.535,far,nominatim,Slastičarna Mladost,"44324, D47 21, 44324, Jasenovac",places_textsearch
406,NK Moslavina (VT),,Bjelovarsko-bilogorska županija,"Donja Petrička 62, Donja Petrička",45.7413636,16.8298033,45.4888346,16.782387699999997,28.321,far,nominatim,HNŠK Moslavina,"Hrvatskih branitelja 10, PP11, 44320, Kutina",places_textsearch
418,NK Moslavina (DP),,Bjelovarsko-bilogorska županija,"Donja Petrička 62, Donja Petrička",45.7413636,16.8298033,45.4888346,16.782387699999997,28.321,far,nominatim,HNŠK Moslavina,"Hrvatskih branitelja 10, PP11, 44320, Kutina",places_textsearch
680,NK Sremac (I),,Vukovarsko-srijemska županija,"Vuka Karadžića 84, Markušica",45.232118,18.7517526,45.183721399999996,19.095452899999998,27.458,far,nominatim,"Nk ""Sremac"" Ilača","32248, Ilača",places_textsearch
690,NK Sremac (M),,Vukovarsko-srijemska županija,"Vuka Karadžića 84, Markušica",45.232118,18.7517526,45.183721399999996,19.095452899999998,27.458,far,nominatim,"Nk ""Sremac"" Ilača","32248, Ilača",places_textsearch
623,NK Zagorac 1952,,Osječko-baranjska županija,"Dubravka 3a, p. p. 10, 42204, Turčin",45.7620563,18.1661368,45.552074399999995,18.0128789,26.212,far,nominatim,NK Zagorac,"31511, Beljevina",places_textsearch
505,NK BSK Biškupci,,Požeško-slavonska županija,"Biškupci 57a, Biškupci",45.438594,17.6095421,45.2989275,17.8643251,25.245,far,nominatim,"NK ""BSK Buk""","D38 49, 34310, Buk",places_textsearch
775,NK Mura,Murska Sobota,Međimurska županija,"Kopališka 45, p.p. 118SI - 9000 Murska Sobota, Slovenija",46.4247788,16.6886366,46.526349499999995,16.400117599999998,24.813,far,nominatim,NK Mura Hlapičina,"Hlapičina 241, 40313, Hlapičina",places_textsearch
360,NK Bilogora (GV),,Koprivničko-križevačka županija,"Gornja Velika 50a, Gornja Velika",45.8582631,16.9504646,46.057331,16.8114793,24.605,far,nominatim,"NK ""Bilogora"" Gornja Velika","48000, Gornja Velika",places_textsearch
695,NK Polet (DNS),,Vukovarsko-srijemska županija,"Matije Antuna Reljkovića 1b, Donje Novo Selo",45.298096,18.7941164,45.138574399999996,19.0086527,24.434,far,nominatim,"NK ""Polet"" Donje Novo Selo","Ul. Ljudevita Gaja 2c, 32245, Donje Novo Selo",places_textsearch
386,NK Bilogora (K),,,"Botinac 2c, Botinac",45.8582631,16.9504646,45.7049358,17.174884,24.363,far,nominatim,NK Bilogora '91,"Ul. Matije Gupca 22, 43290, Grubišno Polje",places_textsearch
381,NK Bilo,,Bjelovarsko-bilogorska županija,"V. Pisanica b. b., 43227 V. Pisanica, Velika Pisanica",45.8183249,17.0902534,45.898306,16.84088,21.261,far,nominatim,Nogometni savez Bjelovarsko-Bil. Županije,"Trg Eugena Kvaternika 13, 43000, Bjelovar",places_textsearch
393,NK Hajduk (H),Bjelovar,Bjelovarsko-bilogorska županija,"Lipovo Brdo, Bjelovar",45.7994716,17.0646813,45.9069334,16.8541371,20.216,far,nominatim,NK Bjelovar,"Poljana dr. Franje Tuđmana 5, 43000, Bjelovar",places_textsearch
460,NK Croatia (G),Grabrovnica,Virovitičko-podravska županija,"Grabrovnica bb, 33405, Grabrovnica",45.8349096,17.3845292,45.934117099999995,17.173614399999998,19.703,far,nominatim,NOGOMETNI KLUB CROATIA,"Grabrovnica bb, 33405, Grabrovnica",places_textsearch
571,NŠK Zlatna luka,,Zadarska županija,"Ul Sv Martina 51, 23206 Sukošan",43.9785546,15.0984097,44.0496098,15.319461899999997,19.362,far,nominatim,NŠK Zlatna Luka,"23206, Sukošan",places_textsearch
319,ŠNK Dinamo 01,Martijanec,Varaždinska županija,"Braće Radića 33/a, Vrbanovec, 42232 Martijanec",46.263515,16.5208508,46.428838999999996,16.598309699999998,19.321,far,nominatim,NK Dinamo Domašinec,"Ul. Martina Pušteka 17, 40318, Domašinec",places_textsearch
563,NK Sabunjar,,Zadarska županija,"Put Sabunika 30, 23233 Privlaka",44.0991718,15.2702057,44.2516143,15.154568399999999,19.297,far,nominatim,NK Sabunjar,"23233, Privlaka",places_textsearch
114,NK Novalja,Novalja,,"ZELENI PUT 4, 53291 NOVALJA",44.5471212,14.8830742,44.4402689,15.0644868,18.661,far,nominatim,NK Pag,"23250, Pag",places_textsearch
445,NK Omladinac (V),Punitovci,Osječko-baranjska županija,"Stjepana Radića 58, 31424 Punitovci",45.5445304,18.2331332,45.4310556,18.4091555,18.641,far,nominatim,NK Slavonija Punitovci,"Ul. Matije Gupca 25/A, 31424, Punitovci",places_textsearch
583,NK Omladinac (J),Punitovci,Osječko-baranjska županija,"Stjepana Radića 58, 31424 Punitovci",45.5445304,18.2331332,45.4310556,18.4091555,18.641,far,nominatim,NK Slavonija Punitovci,"Ul. Matije Gupca 25/A, 31424, Punitovci",places_textsearch
584,NK Omladinac (P),Punitovci,Osječko-baranjska županija,"Stjepana Radića 58, 31424 Punitovci",45.5445304,18.2331332,45.4310556,18.4091555,18.641,far,nominatim,NK Slavonija Punitovci,"Ul. Matije Gupca 25/A, 31424, Punitovci",places_textsearch
589,NK Omladinac (ĐS),Punitovci,Osječko-baranjska županija,"Stjepana Radića 58, 31424 Punitovci",45.5445304,18.2331332,45.4310556,18.4091555,18.641,far,nominatim,NK Slavonija Punitovci,"Ul. Matije Gupca 25/A, 31424, Punitovci",places_textsearch
514,NK Slavonac (GB),,Brodsko-posavska županija,"Ulica Gornja Bebrina 67a, Gornja Bebrina",45.1609934,18.0125457,45.1655593,17.8093497,15.939,far,nominatim,NK Slavonac,"Omladinska ul. 2, 35253, Brodski Stupnik",places_textsearch
521,NK Slavonac (BS),,Brodsko-posavska županija,"Ulica Gornja Bebrina 67a, Gornja Bebrina",45.1609934,18.0125457,45.1655593,17.8093497,15.939,far,nominatim,NK Slavonac,"Omladinska ul. 2, 35253, Brodski Stupnik",places_textsearch
541,NK Slavonac (SK),,Brodsko-posavska županija,"Ulica Gornja Bebrina 67a, Gornja Bebrina",45.1609934,18.0125457,45.1655593,17.8093497,15.939,far,nominatim,NK Slavonac,"Omladinska ul. 2, 35253, Brodski Stupnik",places_textsearch
840,NK Slavonac (G/D),,Brodsko-posavska županija,"Ulica Gornja Bebrina 67a, Gornja Bebrina",45.1609934,18.0125457,45.1655593,17.8093497,15.939,far,nominatim,NK Slavonac,"Omladinska ul. 2, 35253, Brodski Stupnik",places_textsearch
573,NŠK Galovac,,Zadarska županija,"Galovac 500, 23222 Galovac",44.0851038,15.1887551,44.0823161,15.3760495,14.963,far,nominatim,NŠK Galovac,"39JG+WC, Galovac ul. I 1G, 23206, Galovac",places_textsearch
155,NK Moslavina (DG),,Sisačko-moslavačka županija,,45.5739858,16.6428554,45.4888346,16.782387699999997,14.415,far,nominatim,HNŠK Moslavina,"Hrvatskih branitelja 10, PP11, 44320, Kutina",places_textsearch
874,HNŠK Moslavina,,,"Hrvatskih branitelja 10, Kutina",45.5739858,16.6428554,45.4888346,16.782387699999997,14.415,far,nominatim,HNŠK Moslavina,"Hrvatskih branitelja 10, PP11, 44320, Kutina",places_textsearch
642,NK Sloga 1958 (S),,Osječko-baranjska županija,"Osječka 66, Samatovci",45.54993,18.6782096,45.5901486,18.502757499999998,14.371,far,nominatim,NK Sloga,"Ul. Pere Kovačevića, 31222, Samatovci",places_textsearch
389,NK Kamen (S),,Bjelovarsko-bilogorska županija,"Matije Gupca 12, 43541 Sirač",45.6004418,17.3890567,45.5245132,17.2401113,14.344,far,nominatim,NK Kamen Sirač,"Ul. Matije Gupca 12, 43541, Sirač",places_textsearch
897,NK Ilovac,,Karlovačka županija,"Zagrebačka 17b, 47000 Karlovac",45.6279399,15.4553587,45.522303199999996,15.548076700000001,13.786,far,nominatim,NK Ilovac,"Zagrebačka ul. 34, 47000, Karlovac",places_textsearch
138,NK Banovac,,Sisačko-moslavačka županija,"SPECIJALNE JEDINICE POLICIJE OSA 0, 44400 Glina",45.4320774,15.9701042,45.341893899999995,16.0852614,13.47,far,nominatim,ŠNK Banovac,"Ul. kneza Branimira, 44400, Glina",places_textsearch
288,NK Hrašće,Zagreb,Grad Zagreb,"Hrašćanska b. b., 10020 Zagreb",45.8426414,15.9622315,45.729652099999996,16.0132853,13.173,far,nominatim,Restoran Hrašće,"Hraščanska ul. 84, 10000, Hrašće Turopoljsko",places_textsearch
530,NK Zdenac,,Brodsko-posavska županija,Mate Topalovića 22 Brodski Zdenci,45.153792,18.0172652,45.262885499999996,17.9587942,12.967,far,nominatim,Nk Zdenac,"35201, Brodski Zdenci",places_textsearch
250,NK Rudar (M),Zabok,Krapinsko-zagorska županija,"Dubrava zabočka 3, 49210 Zabok",46.1326252,15.9694874,46.0184658,15.944256399999999,12.842,far,nominatim,NK Rudar,"Ul. Dubrava Zabočka, 49210, Dubrava Zabočka",places_textsearch
457,NK Drava,Terezinom Polju,Virovitičko-podravska županija,"Terezino Polje 47a, Terezino Polje",45.9685442,17.3705085,46.0019859,17.217067999999998,12.425,far,nominatim,NK Drava PS,"Trg kralja Tomislava 48, 48363, Podravske Sesvete",places_textsearch
383,NK Bilogorac (VT),Veliko Trojstvo,,Braće Radić b. b. 43226 Veliko Trojstvo,46.0313365,16.9961478,45.9308836,16.9282313,12.341,far,nominatim,NK Bilogorac,"Ul. Braće Radić 26, 43226, Veliko Trojstvo",places_textsearch
260,NK Kralj Tomislav,Zagreb,Grad Zagreb,"10000 Zagreb, Miromarska 24",45.8426414,15.9622315,45.8244908,16.105148,11.255,far,nominatim,NK Kralj Tomislav,"Ul. Ivana Keleka 2B, 10360, Sesvete",places_textsearch
630,NK Klas (Č),,Osječko-baranjska županija,"NERETVANSKA 10, Čepin",45.5590216,18.6839175,45.5035126,18.5683024,10.918,far,nominatim,NK Klas Čepin,"Neretvanska ul. 10, 31431, Čepin",places_textsearch
350,NK Omladinac,,Koprivničko-križevačka županija,"Ulica Hrvatske državnosti 36, Herešin",45.8975233,16.8418012,45.9810559,16.9105651,10.703,far,nominatim,NK Omladinac Ćurlovac,"Ćurlovac 110, 43000, Ćurlovac",places_textsearch
403,NK Omladinac (Ć),,Bjelovarsko-bilogorska županija,"Ćurlovac 103b, Ćurlovac",45.8975233,16.8418012,45.9810559,16.9105651,10.703,far,nominatim,NK Omladinac Ćurlovac,"Ćurlovac 110, 43000, Ćurlovac",places_textsearch
564,NŠK Nova zora,,Zadarska županija,"Vlaka 1, 23 207 Sv Filip I Jakov",43.9051343,15.517011,43.970926299999995,15.430962999999998,10.049,far,nominatim,NŠK Nova Zora,"23207, Sveti Filip i Jakov",places_textsearch
743,NK Adriatic,,Splitsko-dalmatinska županija,"Mostarska 72, 21000 Split",43.5589389,16.3606824,43.522672299999996,16.4744754,10.019,far,nominatim,Nogometni klub ADRIATIC Split,"Mostarska ul. 72, 21000, Split",places_textsearch
561,NK Abeceda sporta,Zadar,Zadarska županija,"Tina Ujevića 3, 23000 Murvica",44.1168594,15.2353257,44.1489714,15.328503699999999,8.249,regional,nominatim,NK Abeceda,"Ulica Tina Ujevića 3, 23000, Murvica",places_textsearch
414,NK Signal,,Bjelovarsko-bilogorska županija,Obrovnica 0,45.8982315,16.8374708,45.829288,16.874549599999998,8.186,regional,nominatim,Nk Signal Obrovnica,"Obrovnica 38, 43000, Obrovnica",places_textsearch
190,NK Sava (D),,Zagrebačka županija,"GREDICE 159, Zagreb",45.7154465,15.9694483,45.7829218,15.9404014,7.834,regional,nominatim,NK Sava,"Gredice 159, 10000, Zagreb",places_textsearch
536,NK Omladinac (ST),Slavonski Brod,Brodsko-posavska županija,"Gornja Vrba, Savska bb, Slavonski Brod, Hrvatska",45.1447958,17.9693679,45.1522067,18.0635093,7.429,regional,nominatim,NK Omladinac Gornja Vrba,"Savska, 35207, Gornja Vrba",places_textsearch
538,NK Omladinac (NG),Slavonski Brod,Brodsko-posavska županija,"Gornja Vrba, Savska bb, Slavonski Brod, Hrvatska",45.1447958,17.9693679,45.1522067,18.0635093,7.429,regional,nominatim,NK Omladinac Gornja Vrba,"Savska, 35207, Gornja Vrba",places_textsearch
761,NK Župa dubrovačka,Dubrovnik,Dubrovačko-neretvanska županija,"Put dr.A.Starčevića bb, Čibaća, 20 207 Mlini",42.6491029,18.0939501,42.628209999999996,18.1801168,7.421,regional,nominatim,NK Župa dubrovačka,"Put Dr. Ante Starčevića 105, 20207, Mlini",places_textsearch
310,ŠNK Rudar 47,Tužno,Varaždinska županija,"Ul. Nikole Tesle 2, 42242, Tužno, Hrvatska",46.2540764,16.2372474,46.297826699999995,16.172883199999998,6.938,regional,nominatim,ŠNK Rudar 47,"Ul. Nikole Tesle 6, 42243, Donje Ladanje",places_textsearch
273,NK Bubamara,Zagreb,Grad Zagreb,"A. T. Mimare 10, 10090 Zagreb",45.8426414,15.9622315,45.794642499999995,15.9072783,6.828,regional,nominatim,NK Prečko,"Petrovaradinska ul, 10000, Zagreb",places_textsearch
802,NK Venera PMP,,Međimurska županija,"Sveti Juraj na Bregu 40 311 Lopatinec, Sveti Juraj Na Bregu",46.3859417,16.414418,46.43965910000001,16.3809854,6.5,regional,nominatim,NK Venera,"40311, Pleškovec",places_textsearch
349,NK Podravec,Đurđevac,Koprivničko-križevačka županija,V.NAZORA BB-48350ĐURĐEVAC-Hrvatska,46.0410468,17.0678562,46.068763399999995,16.9952879,6.392,regional,nominatim,NK Podravac,"Gundulićeva b.b., 48326, Virje",places_textsearch
316,NK Čevo,Novi Marof,Varaždinska županija,"Podevčevo 144e, 42220 Novi Marof",46.2021575,16.2739499,46.163281999999995,16.331815499999998,6.207,regional,nominatim,ŠNK Novi Marof,"Zagorska ul. 23/A, 42220, Novi Marof",places_textsearch
147,NK Jelengrad,Popovača,Sisačko-moslavačka županija,"Trg grofova Erdödyja 5, 44317 Popovača",45.6425517,16.6833364,45.592357299999996,16.6768696,5.604,regional,nominatim,NK Jelengrad,"44317, Gornja Jelenska",places_textsearch
182,NK Strug,Novska,Sisačko-moslavačka županija,"Svetog Mihovila b. b., 44330 Novska Bročice",45.2796241,16.9881539,45.317549799999995,16.957433299999998,4.854,regional,nominatim,ŠNK Strug Bročice,"44330, Bročice",places_textsearch
769,NK Enkel,Gruda,Dubrovačko-neretvanska županija,Popovići-20215GRUDA-Croatia,42.5173329,18.3723488,42.515129699999996,18.3183845,4.43,regional,nominatim,NK Enkel Popovići,"G879+X5, 20215, Popovići",places_textsearch
696,HNK Radnički (V),Vukovar,Vukovarsko-srijemska županija,"Kolodvorska ul. 2, 32000 Vukovar",45.3508957,19.0025086,45.3716974,18.957563,4.205,regional,nominatim,HNK Radnički Vukovar,"Kudeljarska ul. 6, 32000, Vukovar",places_textsearch
881,NK Jaska Vinogradar (J),,Zagrebačka županija,"Bana Josipa Jelačića 5 A, Jastrebarsko",45.7050781,15.669783,45.676755199999995,15.651242799999999,3.463,regional,nominatim,NK Jaska Vinogradar,"Ul. bana Josipa Jelačića 7, 10450, Jastrebarsko",places_textsearch
506,NK Dinamo (B),POŽEGA,Požeško-slavonska županija,Rajsavac-34000POŽEGA-Hrvatska,45.3310723,17.6765332,45.335763899999996,17.7194948,3.398,regional,nominatim,Škola Nogometa NK Dinamo/Vidovci,"34000, Vidovci",places_textsearch
854,NK Smoljanci Sloboda,,Istarska županija,"Svetvinčenat 47, Svetvinčenat",45.0972312,13.8454927,45.08322150000001,13.8833804,3.358,regional,nominatim,NK Smoljanci Sloboda,"Svetvincenat 96, 52342, Svetvinčenat",places_textsearch
875,HNK Kobre Samobor,,Zagrebačka županija,"Ul. Andrije Hebranga 43, 10430",45.8031912,15.7152569,45.8311588,15.7000811,3.325,regional,nominatim,HNK Kobre Samobor,"Klokočevec Samoborski, 10432, Klokočevec Samoborski",places_textsearch
778,NK Trnava,,Međimurska županija,"Školska 16c, 40324 Goričan",46.409535,16.6861792,46.382498299999995,16.6692244,3.275,regional,nominatim,NOGOMETNI KLUB TRNAVA GORIČAN,"Školska ul. 16/C, 40324, Goričan",places_textsearch
348,NK Drava (NP),Novigrad Podravski,Koprivničko-križevačka županija,"Sajmišna 40, Novigrad Podravski",46.0649578,16.9914726,46.081976399999995,16.9576472,3.223,regional,nominatim,NK Drava NP,"Sajmišna ul. 40, 48325, Novigrad Podravski",places_textsearch
354,NK Drava (PS),Novigrad Podravski,Koprivničko-križevačka županija,"Sajmišna 40, Novigrad Podravski",46.0649578,16.9914726,46.081976399999995,16.9576472,3.223,regional,nominatim,NK Drava NP,"Sajmišna ul. 40, 48325, Novigrad Podravski",places_textsearch
619,NK Iskrica,Đurđenovac,Osječko-baranjska županija,"Braće Radića 14, Šaptinovci 31511 Đurđenovac",45.5563128,18.0339816,45.5787646,18.0539113,2.939,regional,nominatim,NK Iskrica,"31511, Šaptinovci",places_textsearch
669,NK Croatia (B),,Vukovarsko-srijemska županija,"Matije Gupca 70, Bogdanovci",45.3524096,19.0019676,45.331278399999995,19.0193691,2.715,regional,nominatim,HNK Mitnica,"Prosina ul. 94, 32000, Vukovar",places_textsearch
686,NK Croatia (NJ),,Vukovarsko-srijemska županija,"Matije Gupca 70, Bogdanovci",45.3524096,19.0019676,45.331278399999995,19.0193691,2.715,regional,nominatim,HNK Mitnica,"Prosina ul. 94, 32000, Vukovar",places_textsearch
436,NK Rječina,,Primorsko-goranska županija,"Dražičkih boraca 64, 51218 Dražice",45.3748382,14.4402939,45.3893261,14.4667167,2.618,regional,nominatim,NK Rječina Dražice,"Ul. Dražičkih boraca 64, 51218, Dražice",places_textsearch
605,NK Belje,,Osječko-baranjska županija,"Park b. b., 31302 Kneževo",45.8306144,18.6181151,45.840472399999996,18.646389199999998,2.449,regional,nominatim,NK Belje Kneževo,"Park Marije Kristine 4, 31302, Kneževo",places_textsearch
811,NK Omladinac (DS),,Međimurska županija,"Strelec 66b, Strelec",46.4267249,16.4628121,46.423175,16.433537299999998,2.278,regional,nominatim,NK Omladinac Mačkovec,"Breg 2, 40000, Mačkovec",places_textsearch
827,NK Omladinac (M),,Međimurska županija,"Strelec 66b, Strelec",46.4267249,16.4628121,46.423175,16.433537299999998,2.278,regional,nominatim,NK Omladinac Mačkovec,"Breg 2, 40000, Mačkovec",places_textsearch
400,NK Tosk,,Bjelovarsko-bilogorska županija,"Tuk b. b., 43212 Rovišće, Tuk",45.9127697,16.7166353,45.8985634,16.7053392,1.805,regional,nominatim,NK NAPREDAK RAJIĆ,"Rajić 73, 43252, Rajić",places_textsearch
167,NK Sunjski,,Sisačko-moslavačka županija,"Ljudevita Posavskog 56 B, 44210 Sunja",45.3650296,16.5866293,45.3747239,16.5687149,1.766,regional,nominatim,NK Sunjski,"44210, Greda Sunjska",places_textsearch
732,NK Mračaj,,Splitsko-dalmatinska županija,"Runović 414, 21261 Runović",43.384424,17.2219719,43.3862032,17.2436279,1.761,regional,nominatim,NK Mračaj Runović,"Runović 414, 21261, Runović",places_textsearch
157,NK Vatrogasac (H),Kutina,Sisačko-moslavačka županija,"Husain Petra Zrinskog 23a, 44320 Kutina, Husain",45.483097,16.7755908,45.4782535,16.7969997,1.754,regional,nominatim,NK Vatrogasac,"Ul. Petra Zrinskog 152, 44320, Husain",places_textsearch
545,NK Vatrogasac (G),Kutina,Brodsko-posavska županija,"Husain Petra Zrinskog 23a, 44320 Kutina, Husain",45.483097,16.7755908,45.4782535,16.7969997,1.754,regional,nominatim,NK Vatrogasac,"Ul. Petra Zrinskog 152, 44320, Husain",places_textsearch
452,NK Snježnik,,Primorsko-goranska županija,"Zagrebačka 8, 51304 Gerovo",45.4405946,14.5840689,45.430833299999996,14.600000000000001,1.65,regional,nominatim,Snježnik,"Snježnik, 51218, Soboli",places_textsearch
570,NK Škabrnja '91,,Zadarska županija,"Trg dr. Franje Tuđmana 16, 23223 Škabrnja",44.0910318,15.4526013,44.0774728,15.4464686,1.585,regional,nominatim,NK Škabrnja 91',"Ulica Dr. Franje Tuđmana, 23223, Prkos",places_textsearch
248,NK Zagorec (VT),Krapina,Krapinsko-zagorska županija,"Podgora Krapinska bb, 49000 Krapina.",46.1632492,15.868475,46.1771618,15.8663949,1.555,regional,nominatim,NK Zagorec,"Podgora Krapinska 2B, 49000, Podgora Krapinska",places_textsearch
443,NK Rikard Benčić,Rijeka,Primorsko-goranska županija,"Gnambova 2, 51000 Rijeka",45.337146,14.4195471,45.3323112,14.4381356,1.549,regional,nominatim,NK Stari grad Rijeka,"Omladinska ul. 8, 51000, Rijeka",places_textsearch
625,NK Mursa,,Osječko-baranjska županija,"Ulica 3. gardijske brigade ""Kune"" 5, 31000, Osijek",45.5548793,18.6953685,45.545545,18.6807315,1.542,regional,nominatim,NK Mursa,"Gacka ul. 1C, 31000, Osijek",places_textsearch
163,NK Zeleni Brijeg,Sisak,Sisačko-moslavačka županija,"Vinogradska 58/1, 44000 Sisak",45.5008327,16.3683289,45.496669,16.351093199999998,1.421,regional,nominatim,NK Zeleni brijeg,"Prvi lijevi Odv 7D, 44000, Odra Sisačka",places_textsearch
865,ŠNK Baranja - Belje,Beli Manastir,Osječko-baranjska županija,"31300 Beli Manastir, Kralja Petra Krešimira IV broj 10",45.7697026,18.6058278,45.7681159,18.5880184,1.393,regional,nominatim,Belje plus d.o.o. - Baranjka,"Ul. Bele Bartoka 33, 31300, Beli Manastir",places_textsearch
59,HNK Zadar,Zadar,,"Ulica Hrvoja Ćustića 2, Zadar",44.11972,15.24222,44.1148423,15.2264238,1.373,regional,nominatim,Hrvatsko narodno kazalište Zadar,"Široka ul. 8, 23000, Zadar",places_textsearch
160,NK Strijelac,,Sisačko-moslavačka županija,"Banova Jaruga Cvjetni trg b. b., Banova Jaruga",45.441282,16.893942,45.43888,16.9064858,1.014,regional,nominatim,NK Strijelac,"44321, Banova Jaruga",places_textsearch
352,NK Prekodravac,,Koprivničko-križevačka županija,"Ždala, Mihovila Pavleka Miškine 38/a, Ždala",46.169138,17.141775,46.162135199999994,17.1500183,1.005,regional,nominatim,NK Prekodravac Ždala,"Mihovila Pavleka Miškine, 48000, Ždala",places_textsearch
37,NK Zrinski Osječko 1664,Čepin,,"Wodrowa Wilsona 2, 31000 Osijek",45.5236008,18.5737213,45.5287515,18.563553199999998,0.977,near,nominatim,NK Čepin,"Ul. Grada Vukovara 43, 31431, Čepin",places_textsearch
188,NK Polet (BU),,Zagrebačka županija,"Mrkšina ulica 67a, Zagreb",45.6338246,16.1155059,45.6422817,16.114516599999998,0.944,near,nominatim,NK Polet,"Ul. Zvrnik 1 1, 10417, Buševec",places_textsearch
728,HNK Jadran (T),Kaštel Sućurac,Splitsko-dalmatinska županija,"Tamunic 46, 21212, Kaštel Sućurac, Hrvatska",43.5466748,16.4321446,43.5503011,16.4223125,0.889,near,nominatim,HNK Jadran (KS),"21212, Kaštel Sućurac",places_textsearch
896,NK Sesvetski Kraljevec,,Grad Zagreb,"Ive Politea 42, 10261 Zagreb",45.8163891,16.1751932,45.813754499999995,16.1643745,0.888,near,nominatim,NK Sesvetski Kraljevec,"Ul. Ive Politea 42, 10361, Sesvete",places_textsearch
756,NK Gusar,Metković,Dubrovačko-neretvanska županija,"Mlinska ul. 84, 20350 Metković, Hrvatska",43.0535329,17.6499111,43.052758999999995,17.660520100000003,0.866,near,nominatim,Veslački klub Neretvanski gusar,"Mlinska ul. 84, 20350, Metković",places_textsearch
717,NK Slavonac (P),Lipovljani,Vukovarsko-srijemska županija,"Sajmišna b. b., 44322 Lipovljani",45.3994265,16.891795,45.4024553,16.8817759,0.852,near,nominatim,ŠNK Slavonac,"44322, Lipovljani",places_textsearch
497,NK Mladost Pavlovci,,Požeško-slavonska županija,"Pavlovci, Pavlovci",45.3645051,17.5343305,45.368160499999995,17.5252168,0.82,near,nominatim,Mladost Pavlovci,"34322, Deževci",places_textsearch
662,NK Janjevo,,Šibensko-kninska županija,"A. Starčevića b. b, 22305 Kistanje",43.9805404,15.9619568,43.985476399999996,15.9543799,0.818,near,nominatim,NK Janjevo Kistanje,"Ante Starčevića 33, 22305, Kistanje",places_textsearch
760,ONK Metković,,Dubrovačko-neretvanska županija,"Jadranska 16, 20350 Metković",43.0535329,17.6499111,43.0587747,17.643115599999998,0.803,near,nominatim,ONK Metković,"Jadranska ul. 16, 20350, Metković",places_textsearch
520,NK Svjetlost,,Brodsko-posavska županija,"Savska cesta 1a, 35257 Lužani",45.1594197,17.7077133,45.1646078,17.7008699,0.788,near,nominatim,NK Svjetlost Lužani,"Savska ul. 1/A, 35257, Lužani",places_textsearch
763,NK Sokol (D),,Dubrovačko-neretvanska županija,"Stupovlja 21, Dunave",42.5422888,18.4090879,42.535476200000005,18.411141699999998,0.776,near,nominatim,NK Sokol Dubravka,"DUBRAVKA BB, 20216, Dubravka",places_textsearch
253,NK Vatrogasac (B),Sveti Križ Začretje,Krapinsko-zagorska županija,"Brezova bb, 49223 Sveti Križ Začretje",46.0524847,15.9239831,46.046158899999995,15.927837600000002,0.764,near,nominatim,NK Vatrogasac,"49223, Brezova",places_textsearch
459,NK Rezovac,Rezovac,Virovitičko-podravska županija,"Lanište bb,Rezovac",45.8040746,17.4208426,45.8060242,17.4116835,0.742,near,nominatim,Rezovac,"33000, Rezovac",places_textsearch
142,"SNK ""Nacional""",Sisak,Sisačko-moslavačka županija,"Antuna Cuvaja 16/II kat, 44000 Sisak",45.489175,16.3746041,45.4956951,16.3738299,0.728,near,nominatim,Nogometni Savez SMŽ,"Ul. Antuna Cuvaja 16, 44000, Sisak",places_textsearch
709,NK Srijemac,,Vukovarsko-srijemska županija,"B. Radić 34 a, Strošinci",44.9157897,19.0653634,44.9178536,19.0567721,0.714,near,nominatim,NK Srijemac,"Ul. Braće Radić, 32256, Strošinci",places_textsearch
292,NK Duga Resa 1929,Duga Resa,Karlovačka županija,"Dr. Ivana Banjavčića 7, 47250 Duga Resa",45.4478475,15.4976858,45.4462363,15.506471899999998,0.708,near,nominatim,NK Duga Resa,"Ul. dr. Ivana Banjavčića 7, 47250, Duga Resa",places_textsearch
737,NK Trilj - 2001,Trilj,Splitsko-dalmatinska županija,"Poljičke Republike 21, 21240 Trilj",43.6166896,16.7268269,43.6107158,16.7247923,0.684,near,nominatim,NK Trilj,"21240, Trilj",places_textsearch
624,NK Elektra,,Osječko-baranjska županija,"Šet. K. f. šepera 1a 31000, Osijek",45.5601259,18.702667,45.5619428,18.6944601,0.67,near,nominatim,NK Elektra,"Trg Vatroslava Lisinskog 1, 31000, Osijek",places_textsearch
252,NK Đalski,,Krapinsko-zagorska županija,"Martinišće bb, Gubaševo,49210 Zabok",46.0198728,15.8656988,46.023219999999995,15.858550000000001,0.666,near,nominatim,NK Đalski,"Martinišće b.b, 49210, Zabok",places_textsearch
734,NK Tekstilac,,Splitsko-dalmatinska županija,"Put Piketa 4C, 21230 Sinj",43.6968985,16.6511917,43.7027459,16.6526904,0.661,near,nominatim,NK Tekstilac Sinj,"Put Šumarije 20, 21230, Sinj",places_textsearch
261,NK Sava (Z),,Grad Zagreb,"GREDICE 159, Zagreb",45.7854222,15.9479233,45.7829218,15.9404014,0.646,near,nominatim,NK Sava,"Gredice 159, 10000, Zagreb",places_textsearch
487,HNK Graševina,Vetovo,Požeško-slavonska županija,"Zagrebačka 17, 34340, Vetovo, Hrvatska",45.4159037,17.7905897,45.4141756,17.7829033,0.63,near,nominatim,HNK Graševina,"Zagrebačka ul. 36, 34335, Kutjevo",places_textsearch
836,NK Lipik 1925,Lipik,,"Hrvatske mladeži 32, 34551 Lipik, Hrvatska",45.4134223,17.1634285,45.4121619,17.1556821,0.621,near,nominatim,NK Lipik,"Ul. Hrvatske mladeži bb, 34551, Lipik",places_textsearch
741,NK Glavice 1991,Glavice,Splitsko-dalmatinska županija,"Glavice 167/B, 21230 Glavice",43.7063006,16.6603092,43.7054561,16.667931499999998,0.62,near,nominatim,NK Glavice,"21230, Glavice",places_textsearch
290,NK Vatrogasac (GM),Karlovac,Karlovačka županija,"MEKUŠANSKA CESTA 63, 47000 KARLOVAC",45.4838438,15.5742041,45.4834008,15.581779999999997,0.593,near,nominatim,NK Vatrogasac,"47000, Karlovac",places_textsearch
893,NK Rudar (DZ),Zabok,Krapinsko-zagorska županija,"Dubrava zabočka 3, 49210 Zabok",46.0215225,15.9501465,46.0184658,15.944256399999999,0.568,near,nominatim,NK Rudar,"Ul. Dubrava Zabočka, 49210, Dubrava Zabočka",places_textsearch
647,ŠNK Sokol (R),,Osječko-baranjska županija,"Karaška 1a, Rakitovica",45.559801,18.6867473,45.5580588,18.680284,0.539,near,nominatim,HRVATSKI SOKOL OSJEČKO-BARANJSKE ŽUPANIJE OSIJEK,"Ul. Hrvatske Republike 11, 31000, Osijek",places_textsearch
477,NK Podravac (SO),Virje,Virovitičko-podravska županija,Gundulićeva bb-48326 Virje,46.067192,16.9886896,46.068763399999995,16.9952879,0.538,near,nominatim,NK Podravac,"Gundulićeva b.b., 48326, Virje",places_textsearch
444,NK Vihor (B),Baška,Primorsko-goranska županija,"Emila Geistlicha 38, 51523 Baška, Hrvatska",44.9709329,14.7508013,44.9669891,14.747212,0.522,near,nominatim,"Nogometni Klub ""Vihor""","Ul. Emila Geistlicha 38, 51523, Baška",places_textsearch
814,NK Budućnost (M),Orehovica,Međimurska županija,"Podbrest, Stjepana Vojvode 2, 40 322 Orehovica",46.332197,16.5063245,46.3275947,16.5070323,0.515,near,nominatim,NK Croatia Orehovica,"Ul. Nikole Tesle 25, 40322, Orehovica",places_textsearch
818,NK Budućnost (P),Orehovica,Međimurska županija,"Podbrest, Stjepana Vojvode 2, 40 322 Orehovica",46.332197,16.5063245,46.3275947,16.5070323,0.515,near,nominatim,NK Croatia Orehovica,"Ul. Nikole Tesle 25, 40322, Orehovica",places_textsearch
335,NK Bratstvo (K),Radikovci,Koprivničko-križevačka županija,"Ulica kralja Tomislava 32, Kunovec",45.6966116,18.2131843,45.6969786,18.2066397,0.51,near,nominatim,"NK ""Bratstvo""","D53, 31543, Radikovci",places_textsearch
755,HNK Konavljanin,,Dubrovačko-neretvanska županija,"Čilipi 70, Čilipi",42.549539,18.281587,42.5539521,18.2828265,0.501,near,nominatim,HNK Konavljanin,"20213, Čilipi",places_textsearch
777,NK Kraljevčan 38,Donji Kraljevac,Međimurska županija,Donji Kraljevac,46.3705,16.65497,46.366518299999996,16.6519884,0.498,near,both,NK Kraljevčan '38,"Kolodvorska ul. 24a, 40320, Donji Kraljevec",places_textsearch
11,NK Opatija,Opatija,,"Dr. Matka Laginje 14, 51410 Opatija",45.33917,14.30833,45.3430318,14.311523399999999,0.497,near,both,Nogometni Klub Opatija,"51410, Opatija",places_textsearch
447,NK Goranka,Ravna Gora,Primorsko-goranska županija,"Šahovska ulica 6, Ravna Gora",45.3741644,14.9393863,45.3697003,14.9397275,0.497,near,both,NK Goranka Ravna Gora,"Šahovska, 51314, Ravna Gora",places_textsearch
841,NK Dinamo Vidovci,,,"Martina Pušteka 17, Domašinec",45.3315725,17.7172713,45.335763899999996,17.7194948,0.497,near,both,Škola Nogometa NK Dinamo/Vidovci,"34000, Vidovci",places_textsearch
21,NK Sesvete,Sesvete,,"Ul. Vladimira Vidrića 7, 10360, Sesvete",45.83111,16.11639,45.8355302,16.117231999999998,0.496,near,both,NK Sesvete,"Ul. Vladimira Vidrića 7, 10360, Sesvete",places_textsearch
203,NK Savski Marof,Prudnice,Zagrebačka županija,"Ulica Ante Kovačića 1, 10291, Prudnice, Hrvatska",45.8709794,15.7324347,45.871627,15.738742799999999,0.494,near,both,NK Savski Marof,"Ul. Ante Kovačića 1, 10291, Prudnice",places_textsearch
455,NK Sloga (DS),Zdenci,Virovitičko-podravska županija,"Školska 7,33513 Zdenci",45.5836206,17.9528638,45.5840071,17.946544199999998,0.494,near,both,HNK Sloga,"33513, Zdenci",places_textsearch
832,NK Sloga (Z),Zdenci,Virovitičko-podravska županija,"Školska 7,33513 Zdenci",45.5836206,17.9528638,45.5840071,17.946544199999998,0.494,near,both,HNK Sloga,"33513, Zdenci",places_textsearch
722,NK Obilić,Ostrovo,Vukovarsko-srijemska županija,"b. b., 32211 Ostrovo",45.3385814,18.7898786,45.3371257,18.795811699999998,0.491,near,both,NOGOMETNI KLUB OBILIĆ OSTROVO,"Kolodvorska ul., 32211, Ostrovo",places_textsearch
458,NK Mladost Bakić,Bakić,Virovitičko-podravska županija,"Ulica odvojak bana Jelačića 2,Bakić,33520 Slatina",45.7442395,17.6916506,45.739842599999996,17.6912743,0.49,near,both,"NK ""Mladost"" Bakić","Bana Jelačića 2, 33520, Bakić",places_textsearch
467,NK Kladare,Kladare,Virovitičko-podravska županija,"Kladare 81, Pitomača",45.9681814,17.1957442,45.9693111,17.201872899999998,0.49,near,both,Nogometno igralište,"33405, Kladare",places_textsearch
41,NK Bedem Ivankovo,Ivankovo,,"Grac 10 c, 32281 Ivankovo",45.2866937,18.6963442,45.2837576,18.691744300000003,0.486,near,both,NK Bedem,"Grac, 32281, Ivankovo",places_textsearch
370,NK Hrvatski Bojovnik,,Koprivničko-križevačka županija,"Mokrice Miholečke 34, Mokrice Miholečke",46.055,16.381944,46.0527388,16.3873228,0.485,near,both,NK Hrvatski Bojovnik,"Unnamed Road, 48268, 48268, Mokrice Miholečke",places_textsearch
598,NK Vinogradar (M),Đurđevac,Osječko-baranjska županija,"Bunarska bb. 48 350 Đurđevac, Čepelovac",46.0410468,17.0678562,46.043860599999995,17.0726573,0.485,near,both,NK Graničar Đurđevac,"Ul. Antuna Radića 23, 48350, Đurđevac",places_textsearch
607,NK Luč,Luč,Osječko-baranjska županija,"Matije Gupca 20a, 31300 Luč",45.7846448,18.5359072,45.78099950000001,18.5325794,0.481,near,both,NK Luč,"Ul. Matije Gupca 45, 31300, Luč",places_textsearch
195,NK Bestovje,Bestovje,Zagrebačka županija,"Športska 3, 10431, BESTOVJE, Hrvatska",45.8079452,15.8146051,45.8119455,15.816723199999998,0.474,near,both,NK Bestovje,"Unnamed Road, 10434, Orešje",places_textsearch
199,NK Vatrogasac (Z),,Zagrebačka županija,"Kobilić 40a, Kobilić",45.8628953,15.7540367,45.8638724,15.748125199999999,0.47,near,both,NK Vatrogasac,"Zdenačka ul. 81, 10291, Zdenci Brdovečki",places_textsearch
407,NK Zvijerci,,Bjelovarsko-bilogorska županija,"Zvijerci 77a, Bjelovar",45.9275206,16.8620402,45.923372099999995,16.8631349,0.469,near,both,"Nogometno Igralište ""NK Zvijerci""","Zvijerci 77A, 43000, Bjelovar",places_textsearch
645,NK Bočkinci,,Osječko-baranjska županija,"Matije Gupca 41A, Bočkinci",45.7117578,18.2688263,45.708173300000006,18.2719673,0.467,near,both,NK Bočkinci,"Ul. Matije Gupca 64, 31552, Bočkinci",places_textsearch
678,NK Hašk Sokol,Stari Jankovci,,"Dr. Franje Tuđmana 1, Stari Jankovci 32241",45.260063,18.9109026,45.2560516,18.909273499999998,0.464,near,both,NK HAŠK Sokol Stari Jankovci,"32241, Stari Jankovci",places_textsearch
849,NK Ližnjan,Ližnjan,Istarska županija,"Krasa 7, Ližnjan",44.8278807,13.9573465,44.826525499999995,13.951943,0.452,near,both,NK Ližnjan,"Ližnjanska cesta 253, 52203, Ližnjan",places_textsearch
600,NK Dinamo Trnava,,Osječko-baranjska županija,"BRAĆE RADIĆA 34, Trnava",45.2591882,18.25466,45.2552005,18.253910599999998,0.447,near,both,Igralište Kratine NK Dinamo Trnava,"Braće Radić 34, 31411, Trnava",places_textsearch
33,NK Podravina Ludbreg,Ludbreg,,"Ivana Gundulića 6a, 42230 Ludbreg",46.2563718,16.6205525,46.2523727,16.620033199999998,0.446,near,both,"Stadion NK ""Podravina""","42230, Ludbreg",places_textsearch
469,NK Gradina,Gradina,Virovitičko-podravska županija,"Gajeva 35, 33411 Gradina",45.8562218,17.5155693,45.853006099999995,17.5121274,0.446,near,both,OPĆINSKI NOGOMETNI KLUB GRADINA GRADINA,"Ljudevita Gaja 35, 33411, Gradina",places_textsearch
278,NK Ivanja Reka,,Grad Zagreb,"Ivanjorečka cesta 1A, 10360 Zagreb",45.7991745,16.1177143,45.7953621,16.1193989,0.444,near,both,NK Ivanja Reka,"Ivanjorečka cesta bb, 10373, Ivanja Reka",places_textsearch
774,NK Faraon,Trpanj,Dubrovačko-neretvanska županija,Trpanj-20240TRPANJ-Croatia,43.0080442,17.2733543,43.0049493,17.2768004,0.444,near,both,NK Faraon Trpanj,"Dinka Fabrisa 28, 20240, Trpanj",places_textsearch
242,NK Pregrada,Pregrada,Krapinsko-zagorska županija,"Lj. Gaja 32, 49218 Pregrada",46.1627282,15.7523888,46.1587499,15.752559999999999,0.443,near,both,NK Pregrada,"Ul. Ljudevita Gaja 32, 49218, Pregrada",places_textsearch
782,NK Bratstvo (SV),Savska Ves,Međimurska županija,Savska Ves,46.3725805,16.42678,46.3761742,16.424284900000004,0.443,near,both,NK Bratstvo,"Ul. Josipa Bajkovca 2C, 40000, Savska Ves",places_textsearch
791,NK Bratstvo (JU),Savska Ves,Međimurska županija,Savska Ves,46.3725805,16.42678,46.3761742,16.424284900000004,0.443,near,both,NK Bratstvo,"Ul. Josipa Bajkovca 2C, 40000, Savska Ves",places_textsearch
828,NK Bratstvo (P),Savska Ves,Međimurska županija,Savska Ves,46.3725805,16.42678,46.3761742,16.424284900000004,0.443,near,both,NK Bratstvo,"Ul. Josipa Bajkovca 2C, 40000, Savska Ves",places_textsearch
786,NK Naprijed (C),Cirkovljan,Međimurska županija,"Zdenci 33, Cirkovljan",46.3445616,16.649704,46.348506900000004,16.6499214,0.439,near,both,NK Naprijed Cirkovljan,"Zdenci 33, 40323, Cirkovljan",places_textsearch
104,NK Tomislav Cerna,Cerna,,"Kolodvorska 8, 32272 Cerna",45.1926085,18.6953292,45.190466199999996,18.6906894,0.435,near,both,NK Tomislav Cerna - nogometno igralište i klub,"Kolodvorska ul., 32272, Cerna",places_textsearch
483,NK Meljani,Donji Meljani,Virovitičko-podravska županija,"Donji Meljani 86, Slatina",45.7305042,17.6259001,45.733537899999995,17.6223583,0.435,near,both,NK DONJI MELJANI,"86, 33520, Donji Meljani",places_textsearch
554,NK Graničar Klakar,,Brodsko-posavska županija,"Ulica Klakar 26a, Klakar",45.097197,18.1347053,45.0992798,18.1300551,0.432,near,both,"NOGOMETNI KLUB ""GRANIČAR"" KLAKAR","35208, Klakar",places_textsearch
245,NK Ivančica (ZB),Ivanec,Krapinsko-zagorska županija,"Ul. V. Nazora 46, 42240 Ivanec",46.2239676,16.1244407,46.2278265,16.1250076,0.431,near,both,NK Ivančica Ivanec,"Ul. Vladimira Nazora 46a, 42240, Ivanec",places_textsearch
622,NK Lug,Lug,Osječko-baranjska županija,"ŠKOLSKA 2, 2340009-1100161502, Lug",45.6611062,18.778578,45.6632137,18.773966899999998,0.428,near,both,Lug,Lug,places_textsearch
718,NK Bosut,Apševci,Vukovarsko-srijemska županija,"Ulica kralja Tomislava 60, Apševci",45.070941,19.0748545,45.0739248,19.0715119,0.423,near,both,NK Bosut Apševci,"Ul. Kralja Tomislava 60, 32246, Apševci",places_textsearch
233,NK Kupa (P),Donje Mekušje,Zagrebačka županija,"Donje Mekušje 36F, 47000, DONJE MEKUŠJE, Hrvatska",45.4924139,15.5926278,45.495195599999995,15.596313199999999,0.422,near,both,Nk Kupa Donje Mekušje,"36F, 47000, Donje Mekušje",places_textsearch
721,NK Orolik,,Vukovarsko-srijemska županija,"I.G.Kovačića 1, 32243 Orolik",45.2150809,18.9847689,45.2114285,18.9833584,0.421,near,both,NK Orolik,"STADION SRIJEM, 32243, Orolik",places_textsearch
194,NK Ban Jelačić (V),Banovo,Zagrebačka županija,"Banovo 63, 10340, BANOVO, Hrvatska",45.9154019,16.4331037,45.9190657,16.431930899999998,0.417,near,both,NK Ban Jelačić Banovo,"Banovo 63, 10340, Banovo",places_textsearch
215,NK Ban Jelačić (B),Banovo,Zagrebačka županija,"Banovo 63, 10340, BANOVO, Hrvatska",45.9154019,16.4331037,45.9190657,16.431930899999998,0.417,near,both,NK Ban Jelačić Banovo,"Banovo 63, 10340, Banovo",places_textsearch
78,NK Kurilovec Velika Gorica,Velika Gorica,,"Sportska ulica 2A, 10410 Velika Gorica",45.7022546,16.0717133,45.6999734,16.0759351,0.415,near,both,NK Kurilovec,"Sportska ul. 2, 10410, Velika Gorica",places_textsearch
254,NK Toplice,Krapinske Toplice,Krapinsko-zagorska županija,"Zagrebačka bb, 49217 Krapinske Toplice",46.0921849,15.8376747,46.0885557,15.836441899999999,0.415,near,both,NK Toplice,"NK Toplice, Zagrebačka ul. 12, 49217, Krapinske Toplice",places_textsearch
613,NK Đurđenovac,,Osječko-baranjska županija,"Sunčana 3, Đurđenovac",45.5430881,18.0482856,45.545028699999996,18.043753799999998,0.414,near,both,NK Đurđenovac,"NK Đurđenovac, Sunčana, 31511, Đurđenovac",places_textsearch
667,NK SOŠK Skradin,,Šibensko-kninska županija,"Put križa 2, 22222 Skradin",43.8178464,15.923319,43.8215231,15.9239447,0.412,near,both,NK SOŠK Skradin,"Put Križa 2, 22222, Skradin",places_textsearch
75,NK Trnje,Zagreb,,"Trg kardinala Franje Šepera 9, 10000 Zagreb, Hrvatska",45.7969569,15.9791746,45.7973813,15.9844372,0.411,near,both,NK Trnje,"Trg kardinala Franje Šepera 9, 10000, Zagreb",places_textsearch
98,NK Garić Garešnica,Garešnica,,"Petra Svačića 11f,43280 Garešnica",45.5734822,16.941492,45.5726747,16.9363445,0.411,near,both,NK Garić Garešnica,"Ul. Petra Svačića 11F, 43280, Garešnica",places_textsearch
244,NK Radoboj,,Krapinsko-zagorska županija,"Radoboj bb, 49232 Radoboj",46.1661371,15.9218192,46.1627361,15.923847299999997,0.409,near,both,NK Radoboj,"Radoboj 25B, 49232, Radoboj",places_textsearch
830,NK Šenkovec,Šenkovec,Međimurska županija,"Gorčica, Šenkovec",46.410315,16.4126473,46.4099395,16.4179459,0.408,near,both,NK Šenkovec,"Zelengajska ul. 24, 40000, Šenkovec",places_textsearch
164,NK Gvozd,Vrginmost,Sisačko-moslavačka županija,"Kralja Petra Svačića 23, Vrginmost",45.3556367,15.8649944,45.352808,15.868301299999999,0.407,near,both,NK Gvozd,"Hrvatske mladeži, 44410, Vrginmost",places_textsearch
675,NK Vrbanja,,Vukovarsko-srijemska županija,"Matije Gupca 21a, Vrbanja",44.9821315,18.9279039,44.982447799999996,18.9227489,0.407,near,both,Nk vrbanja,"Matije Gupca 21A, 32257, Vrbanja",places_textsearch
891,NK Vojnić 95,,Karlovačka županija,"Kralja Zvonimira bb, 47220 Vojnić",45.3253119,15.6957057,45.326529799999996,15.690826499999998,0.405,near,both,NK Vojnić '95,"Kralja Petra Krešimira IV 18, 47220, Vojnić",places_textsearch
299,NK Krnjak,,Karlovačka županija,"Krnjak 5, Krnjak",45.3374666,15.6085268,45.3392658,15.6130005,0.403,near,both,NK Krnjak,"47242, Krnjak",places_textsearch
611,NK Petlovac,Petlovac,Osječko-baranjska županija,"Rade Končara 29, 31321 Petlovac",45.7583523,18.5284202,45.7567551,18.5330718,0.402,near,both,NOGOMETNI KLUB PETLOVAC PETLOVAC,"Rade Končara 29, 31321, Petlovac",places_textsearch
795,NK BSK Belica,,Međimurska županija,Belica,46.4065488,16.5208632,46.4034909,16.5180754,0.402,near,both,NK BSK Belica,"Športska ul. 1, 40319, Belica",places_textsearch
819,NK Galeb (O),Oporovec,Međimurska županija,Oporovec,46.3299822,16.6746218,46.3264117,16.6739379,0.4,near,both,NK Galeb Oporovec,"Oporovec 132/A, 40325, Oporovec",places_textsearch
204,NK Samoborski Otok,Samoborski Otok,,"Sportska 2, 10430 Samoborski Otok",45.8372681,15.731973,45.8407783,15.7329473,0.398,near,both,NK Samoborski Otok,"Sportska ul., 10430, Samoborski Otok",places_textsearch
372,NK Reka,,Koprivničko-križevačka županija,"Mažuranićev trg 16, Reka",46.1315112,16.7711853,46.128401,16.7686598,0.397,near,both,NK Reka,"48000, Reka",places_textsearch
211,NK Novaki,Novaki,Zagrebačka županija,"Športska 1, 10431, Novaki, Hrvatska",45.796828,15.8022318,45.7938885,15.7993713,0.395,near,both,NK Novaki,"Sportska ul., 10431, Novaki",places_textsearch
243,NK Sloga Konjščina,Konjščina,Krapinsko-zagorska županija,"Sportska bb, 49282 Konjščina",46.0531323,16.1793056,46.0559787,16.1763288,0.391,near,both,NK Sloga,"Sportska ul., 49282, Konjščina",places_textsearch
699,ŠNK Lovas,Lovas,Vukovarsko-srijemska županija,"Dol b. b., Lovas",45.22658,19.1693668,45.223231899999995,19.1678834,0.39,near,both,NK Lovas,"Ul. Ante Starčevića 1, 32237, Lovas",places_textsearch
52,HRNK Zmaj Makarska,Makarska,,"Franjevački put 2, 21300 MAKARSKA",43.2939756,17.020242,43.2906208,17.0215411,0.388,near,both,HRNK Zmaj,"Franjevački put 2, 21300, Makarska",places_textsearch
255,NK Desinić,,Krapinsko-zagorska županija,"Put Matije Gupca 4, Desinić",46.147934,15.6688416,46.1454674,15.6653011,0.387,near,both,NK Desinić,"Ratkajeva ul., 49216, Desinić",places_textsearch
357,NK Tomislav Siž,,Koprivničko-križevačka županija,"Trg Karla Lukaša 11, Sveti Ivan Žabno",45.9464805,16.6055861,45.9440609,16.602023199999998,0.385,near,both,NK Tomislav,"ŽC3052 11, 48214, Sveti Ivan Žabno",places_textsearch
375,NK Gornja Rijeka,Gornja Rijeka,Koprivničko-križevačka županija,"Trg Sidonije Rubido Erdody 3, 48268 Gornja Rijeka",46.1097278,16.3924291,46.106909099999996,16.3898597,0.371,near,both,Stadion NK Gornja Rijeka,"48268, Gornja Rijeka",places_textsearch
858,NK Otočac,OTOČAC,,"ĆIRILA I METODA 3A, 53220 OTOČAC",44.8687963,15.2358684,44.8703505,15.231713500000001,0.37,near,both,NK Otočac,"Ul. Ćirila i Metoda 3a, 53220, Otočac",places_textsearch
723,NK Imotski,,Splitsko-dalmatinska županija,"Ul. Petra Vrdoljaka 32A, Imotski",43.4471115,17.2179703,43.449176699999995,17.2144094,0.368,near,both,NK Imotski,"Ul. Petra Vrdoljaka 32A, 21260, Imotski",places_textsearch
831,NK Garić (G),Garešnica,,"Petra Svačića 11f,43280 Garešnica",45.5739183,16.9407213,45.5726747,16.9363445,0.368,near,both,NK Garić Garešnica,"Ul. Petra Svačića 11F, 43280, Garešnica",places_textsearch
798,NK Draškovec,Draškovec,Međimurska županija,Zelenišće,46.3466989,16.676656,46.3487412,16.6729575,0.364,near,both,NK Draškovec,"Ul. kralja Zvonimira 2/A, 40325, Draškovec",places_textsearch
601,HNK Bilje,,Osječko-baranjska županija,"Ulica športova 3, Bilje",45.6039828,18.7437649,45.600965099999996,18.7454408,0.36,near,both,HNK Bilje,"Športova ul., 31327, Bilje",places_textsearch
759,NK Orebić,,Dubrovačko-neretvanska županija,"Josipa Bana Jelačića 19, Orebić",42.9769138,17.1832369,42.976845999999995,17.1876121,0.356,near,both,NK Orebić,"20250, Podgorje",places_textsearch
181,NK Uštica,Uštica,Sisačko-moslavačka županija,"Unska b. b. Uštica 44324 Jasenovac, 44324 Jasenovac Uštica",45.2633324,16.9097857,45.2602367,16.910888,0.355,near,both,NK Uštica,"D47 66, 44324, Uštica",places_textsearch
401,NK Draganec,,Bjelovarsko-bilogorska županija,"GORNJI DRAGANEC 209a, Gornji Draganec",45.78451,16.6478669,45.7833113,16.6437024,0.349,near,both,NOGOMETNI KLUB DRAGANEC,"Gornji Draganec 319, 43245, Gornji Draganec",places_textsearch
890,NK Golubovec,Novi Golubovec,Krapinsko-zagorska županija,"Novi Golubovec 5b, Novi Golubovec",46.1726132,15.9854354,46.171088999999995,15.981498199999999,0.347,near,both,NK Golubovec,"49252, Novi Golubovec",places_textsearch
437,NK Rab,Rab,Primorsko-goranska županija,"Banjol 5, 51 280 Rab",44.7562894,14.7607367,44.7590414,14.7627263,0.344,near,both,Nogometno igralište Rab,"Banjol, 51280, Rab",places_textsearch
844,NK Sikirevci,Sikirevci,,"LJudevita Gaja 2A, Sikirevci",45.1095353,18.4649736,45.106832399999995,18.462842600000002,0.344,near,both,NOGOMETNI KLUB SIKIREVCI,"Ljudevita Gaja 2/A, 35224, Sikirevci",places_textsearch
789,NK Podturen,Podturen,Međimurska županija,"Čakovečka 5a, 40317 Podturen",46.4634105,16.5416845,46.4631915,16.5461454,0.343,near,both,NK Podturen,"Čakovečka bb, 40317, Podturen",places_textsearch
118,NK Crikvenica,Crikvenica,,"Kotorska 15, Crikvenica",45.1737049,14.6927906,45.1762502,14.6952505,0.342,near,both,NK Crikvenica,"Kotorska ul. 15, 51260, Crikvenica",places_textsearch
576,NK BSK Bizovac,Bizovac,Osječko-baranjska županija,"Valpovačka 42a, Bizovac",45.5939788,18.4581401,45.5970377,18.4580128,0.34,near,both,NOGOMETNI KLUB NK BSK BIZOVAC,"Ul. kralja Tomislava 80, 31222, Bizovac",places_textsearch
226,NK Rakovec,Rakovec,Zagrebačka županija,"Rakovec 54, 10340, Rakovec, Hrvatska",45.9317159,16.3179738,45.928681999999995,16.318408299999998,0.339,near,both,NK Rakovec,"23B, 10340, Rakovec",places_textsearch
812,NK Drava (K),Donji Mihaljevec,Međimurska županija,"Prek Druma, Donji Mihaljevec, Croatia",46.3367223,16.7162053,46.3359765,16.711936200000004,0.338,near,both,NK Drava Donji Mihaljevec,"Čakovečka ul. 43, 40326, Donji Mihaljevec",places_textsearch
325,NK Struga,Struga,Varaždinska županija,"Struga 31, 42233 Sveti Đurđ",46.2965816,16.6513854,46.298367999999996,16.6478637,0.336,near,both,NK Struga,"bb, 42233, Struga",places_textsearch
434,HNK Goranin,Delnice,Primorsko-goranska županija,"Delnice, Ante Starčevića 3",45.3981089,14.8009293,45.3952752,14.7994473,0.336,near,both,HNK Goranin,"Ul. Ante Starčevića 3, 51300, Delnice",places_textsearch
311,NK Novakovec,Novakovec,Varaždinska županija,"Ludbreška 23, Novakovec, 42203 Jalžabet",46.2669998,16.4958216,46.265042,16.4990938,0.333,near,both,NK Novakovec,"Ludbreška ul. 23, 42203, Novakovec",places_textsearch
704,NK Petrovci,Petrovci,Vukovarsko-srijemska županija,"ULICA BANA JOSIPA JELAČIĆA 77, 32242 PETROVCI",45.28375,18.9377184,45.28244600000001,18.9338925,0.333,near,both,NK Petrovci,"B.J.JELAČIĆA 77, Petrovci, 32229, Petrovci",places_textsearch
268,NK Brezovica,,Grad Zagreb,"Brezovička cesta 98b, 10257 Zagreb",45.7277707,15.9100676,45.7251273,15.9082653,0.326,near,both,NK Brezovica,"Brezovička cesta 96a, 10251, Brezovica",places_textsearch
750,NK Potpićan - Učka 72,Potpićan,Istarska županija,"Potpićan, Potpićan b. b., Potpićan",45.1933954,14.0951678,45.1930859,14.099306299999999,0.326,near,both,NK Potpićan-Učka 72,"52232, Potpićan",places_textsearch
27,NK Radnik Križevci,Krizevci,,"Šetalište Dragutina Novaka 1, 48260 Križevci",46.0247391,16.5457794,46.0268598,16.5486506,0.324,near,both,NK Radnik Križevci,"Centar, 48260, Križevci",places_textsearch
816,NK Dubrava (S),,Međimurska županija,"Sportska ulica 3, Sivica",46.3155014,16.8112732,46.314987099999996,16.807119300000004,0.324,near,both,NK Dubravčan,"Krbulja ul. 21, 40328, Donja Dubrava",places_textsearch
652,NK Viktorija (L),Lacići,Osječko-baranjska županija,"Andrije Kačića 73, Lacići",45.6360295,18.2145296,45.6332562,18.2132842,0.323,near,both,Nk viktorija lacići,"Ul. Andrije Kačića 73A, 31540, Lacići",places_textsearch
785,NK Hodošan,,Međimurska županija,"Ulica braće Radića 2B, Hodošan",46.3951964,16.6391391,46.3976719,16.6413544,0.323,near,both,NK Hodošan,"Ul. Braće Radić 1A, 40320, Hodošan",places_textsearch
466,NK Omladinac (K),Korija,Virovitičko-podravska županija,"Školski trg 1,Korija",45.8549481,17.3318618,45.852353199999996,17.3300301,0.322,near,both,NOGOMETNI KLUB OMLADINAC KORIJA,"ŠKOLSKI TRG 1/-, Korija, 33000, Korija",places_textsearch
747,NK Vrsar,,Istarska županija,"Dalmatinska  64a, Vrsar",45.1490782,13.6063472,45.1509078,13.6095369,0.322,near,both,NK Vrsar,"Dalmatinska ul. 49, 52450, Vrsar",places_textsearch
106,NK Radnički Dalj,Dalj,,"30 svibnja 68, 31226 Dalj",45.480889,18.9867022,45.4780337,18.9861194,0.321,near,both,NK Radnički Dalj,"Ul. 30. svibnja 68, 31226, Dalj",places_textsearch
172,NK Mahovo,,Sisačko-moslavačka županija,"Mahovo 58, Mahovo",45.5648371,16.4082303,45.5674503,16.4064744,0.321,near,both,NK Mahovo,"44201, Mahovo",places_textsearch
752,NK Vodnjan,Vodnjan,Istarska županija,"1. Maj 1, 52215 Vodnjan",44.9603387,13.8497802,44.9575639,13.8486549,0.321,near,both,NK Vodnjan,"Ul. Prvi maj 1, 52215, Vodnjan",places_textsearch
653,NK Bistrinci,BISTRINCI,Osječko-baranjska županija,"FISKULTURNA 35, 31551 BISTRINCI",45.696346,18.3966153,45.6946413,18.3933358,0.318,near,both,NK Bistrinci,"Ul. Ivana Gorana Kovačića 2, 31551, Bistrinci",places_textsearch
123,NK Pazinka,Pazin,,"Družbe Svetog Ćirila i Metoda 10, 52000 Pazin",45.2391995,13.9363313,45.2408828,13.939548199999999,0.314,near,both,NK Pazinka,"Šetalište Pazinske Gimnazije 7, 52000, Pazin",places_textsearch
634,NK Sloga Ernestinovo,,Osječko-baranjska županija,"Stadionska  12, Ernestinovo",45.4516002,18.658932,45.452945899999996,18.662469299999998,0.314,near,both,NK Sloga Ernestinovo,"FM36+5X, 31215, Ernestinovo",places_textsearch
861,NK Šokadija (ST),Babina Greda,Osječko-baranjska županija,"B. RADIĆA 172, Strizivojna",45.1118391,18.5417725,45.1105728,18.5382099,0.313,near,both,NK Šokadija,"Sajmište ul. 18, 32276, Babina Greda",places_textsearch
885,NK Libertas,Novska,Sisačko-moslavačka županija,"Radnička ulica 3, 44330, Novska, Hrvatska",45.3415443,16.9770868,45.340001099999995,16.9737465,0.312,near,both,NK Libertas,"Radnička ul. 3, 44330, Novska",places_textsearch
419,NK Dapci,Dapci,Bjelovarsko-bilogorska županija,"Dapci B. B., Čazma, 43240 Dapci",45.7233475,16.5316966,45.7224795,16.5279035,0.31,near,both,NK Dapci,"D43, 43240, Sovari",places_textsearch
498,NK Parasan,,Požeško-slavonska županija,"Golobrdci 125, 34000 Požega",45.3767231,17.6620291,45.3783788,17.6651815,0.307,near,both,NK Parasan Golobrdci,"34000, Golobrdci",places_textsearch
291,NK Zrinski Ozalj,Ozalj,Karlovačka županija,"Karlovačka cesta 65 A, 47280 Ozalj",45.6060214,15.4824828,45.6077453,15.4855084,0.304,near,both,NK Zrinski Ozalj,"Karlovačka cesta 65A, 47280, Ozalj",places_textsearch
423,NK Bršljanica,Velika Bršljanica,Bjelovarsko-bilogorska županija,"V. Bršljanica b. b., 43280 Garešnica, Velika Bršljanica",45.5827915,16.8519325,45.5843438,16.855151,0.304,near,both,NK Bršljanica,"HVM4+P3, 43282, Velika Bršljanica",places_textsearch
548,NK Sloga Gromačnik,,Brodsko-posavska županija,"Ulica Stružani 47, Stružani",45.1789321,17.9570382,45.1764258,17.958569699999998,0.303,near,both,Stadion NK Sloga Gromačnik,"Ul. dr. Franje Tuđmana 5, 35000, Gromačnik",places_textsearch
303,HNK Plaški,Plaški,Karlovačka županija,"143. Domobranske pukovnije 0, PLAŠKI",45.0809602,15.3624484,45.0835781,15.363322600000002,0.299,near,both,HNK Plaški Plaški,"143. DOMOBRANSKE PUKOVNIJE, 47304, Plaški",places_textsearch
398,NK Zdenka 91,Veliki Zdenci,Bjelovarsko-bilogorska županija,TRG KRALJA TOMISLAVA 3-43293VELIKI ZDENCI-Hrvatska,45.6761791,17.1091104,45.673524199999996,17.1097285,0.299,near,both,GNK Zdenka Veliki Zdenci,"Trg kralja Tomislava 3, 43293, Veliki Zdenci",places_textsearch
780,NK Mladost Komet,Prelog,Međimurska županija,Sajmišna 29 40 323 Prelog,46.335134,16.6140396,46.3325769,16.615233099999998,0.299,near,both,NK Mladost Prelog,"Sajmišna ul. 32, 40323, Prelog",places_textsearch
820,NK Mladost (I),Prelog,Međimurska županija,Sajmišna 29 40 323 Prelog,46.335134,16.6140396,46.3325769,16.615233099999998,0.299,near,both,NK Mladost Prelog,"Sajmišna ul. 32, 40323, Prelog",places_textsearch
229,NK Milka Trnina,Vezišće,Zagrebačka županija,"Vezišće 31, 10314, VEZIŠĆE, Hrvatska",45.6161228,16.5236295,45.6171098,16.5271976,0.298,near,both,NK Milka Trnina,"Vezišće 31, 10315, Vezišće",places_textsearch
864,NK Sloga Štitar,Štitar,,"Bana Jelačića b. b. 32274, Štitar",45.0943645,18.6392554,45.0937364,18.6429449,0.298,near,both,"NK ""Sloga"" Štitar","Ul. Josipa Kozarca, 32274, Štitar",places_textsearch
731,HRNK Zmaj (M),MAKARSKA,,"Franjevački put 2, 21300 MAKARSKA",43.2931059,17.0202077,43.2906208,17.0215411,0.297,near,both,HRNK Zmaj,"Franjevački put 2, 21300, Makarska",places_textsearch
481,HNK Munja Rastovac,Veliki Rastovac,Virovitičko-podravska županija,"Staro Petrovo polje 10, Veliki Rastovac",45.6516656,17.9755797,45.6541715,17.9743001,0.296,near,both,HNK Munja,"Unnamed Road, 33507, Veliki Rastovac",places_textsearch
566,NŠK Debeljak,,Zadarska županija,"Poginulih hrvatskih branitelja 15, 230206 Debeljak",44.0461652,15.3624243,44.0469079,15.3589434,0.29,near,both,Nogometno igralište Debeljak,"Poginulih hrvatskih branitelja 15, 23206, Debeljak",places_textsearch
829,NK Parag,Trnovec,Međimurska županija,"Parag 216 Trnovec 40 306 Macinec, Trnovec",46.3824617,16.3111314,46.3805227,16.308595999999998,0.29,near,both,NK Parag,"40306, Parag",places_textsearch
650,NK Kućanci,Kućanci,Osječko-baranjska županija,"Kralja Zvonimira 88, Kućanci",45.6568118,18.1341079,45.658565900000006,18.1368251,0.287,near,both,Stadion NK Kućanci,"Ul. kralja Zvonimira 88, 31542, Kućanci",places_textsearch
46,NK Slavija Pleternica,,,"Trg Zrinskog i Frankopana 20, Pleternica",45.2862978,17.8015103,45.288674,17.802895499999998,0.286,near,both,NK Slavija Pleternica,"34310, Pleternica",places_textsearch
103,NK Tomislav Donji Andrijevci,Donji Andrijevci,,"Trg kralja Tomislava 14, 35214 Donji Andrijevci",45.1861153,18.2960038,45.1885517,18.2971875,0.286,near,both,NOGOMETNI KLUB TOMISLAV - PAN DONJI ANDRIJEVCI,"TRG K. TOMISLAVA BB, Donji Andrijevci, 35214, Donji Andrijevci",places_textsearch
493,NK BSK Buk,,Požeško-slavonska županija,"Buk 45A, 34310 Buk",45.2977223,17.8611268,45.2989275,17.8643251,0.284,near,both,"NK ""BSK Buk""","D38 49, 34310, Buk",places_textsearch
237,NK Meštrica,Gornja Lomnica,Zagrebačka županija,"Ulica Ivana Kukuljevića 1, 10410, Gornja Lomnica, Hrvatska",45.7149347,15.999924,45.7158616,16.0033025,0.282,near,both,NK Meštrica Gornja Lomnica,"Ivana Kukuljevića 1, 10412, Gornja Lomnica",places_textsearch
635,NK Zelčin,Zelčin,Osječko-baranjska županija,"Oslobođenja 20b, Zelčin",45.6144726,18.3657684,45.611976899999995,18.3663049,0.281,near,both,"NK ""Zelčin""","31227, Zelčin",places_textsearch
439,NK Mune,,Primorsko-goranska županija,"Vele Mune 138, Vele Mune",45.4583249,14.1659501,45.4587753,14.162429999999999,0.279,near,both,NOGOMETNI KLUB MUNE,"Vele Mune 2, 51212, Vele Mune",places_textsearch
754,NK Mladost (RS),Fažana,Istarska županija,"Ul. 43. istarske divizije 8, 52212 Fažana",44.9273327,13.8050769,44.9252003,13.8034714,0.269,near,both,NK Mladost Fažana,"52212, Fažana",places_textsearch
39,NK Vuteks-Sloga Vukovar,Vukovar,,"Sajmište b. b., Vukovar",45.3444094,19.002376,45.3421348,19.00129,0.267,near,both,NK Vuteks-Sloga,"Sajmište ul. 22A, 32000, Vukovar",places_textsearch
454,NK Slavonija (S),Sladojevci,Virovitičko-podravska županija,"Braće Radića 143, Sladojevci-33520 Slatina",45.723753,17.6533724,45.722634299999996,17.6564227,0.267,near,both,NK Slavonija Sladojevci,"BRAĆE RADIĆA BB., Sladojevci, 33520, Sladojevci",places_textsearch
797,NK Pušćine,,Međimurska županija,"Dravska ulica 7, Pušćine",46.3467802,16.3607861,46.3487606,16.3588645,0.265,near,both,NK Pušćine,"Dravska ul. 7, 40305, Pušćine",places_textsearch
145,NK Ekonomik,,Sisačko-moslavačka županija,"Donja Vlahinićka, Zagrebačka b. b., Donja Vlahinićka",45.5834415,16.5959794,45.582681099999995,16.592809499999998,0.261,near,both,NK Ekonomik,"44317, Donja Vlahinička",places_textsearch
705,HNK Lipovača,Vukovar,Vukovarsko-srijemska županija,"Slavonska 13 a Lipovača, 32010 Vukovar",45.3862305,18.9074429,45.387474,18.904602,0.261,near,both,Lipovača,Lipovača,places_textsearch
740,RNK Split 1912,Split,Splitsko-dalmatinska županija,"Hrvatske mornarice 10, 21000 Split",43.5172399,16.4453273,43.5191643,16.4435161,0.259,near,both,RNK Split,"Ul. Hrvatske Mornarice 10, 21000, Split",places_textsearch
187,NK Lonja,Lonjica,Zagrebačka županija,Lonjica,45.8570797,16.3235965,45.858235099999995,16.3264794,0.258,near,both,Lonjica,Lonjica,places_textsearch
597,NK Naprijed (M),Mrzović,Osječko-baranjska županija,"Vrbička b. b., 32284 Mrzović",45.3269412,18.5922901,45.3272712,18.589097,0.252,near,both,NK Naprijed,"Vrbička 6, 32284, Mrzović",places_textsearch
282,NK Čehi,,Grad Zagreb,"Ulica Slavka Čora 1G, 10020 Zagreb",45.7444809,15.9587399,45.746413499999996,15.960421699999998,0.251,near,both,NK Čehi,"Ul. Slavka Čora, 10020, Gornji Čehi",places_textsearch
201,NK Gradići,Gradići,,"Matije Gupca 2, 10410 Gradići",45.7044885,16.0376904,45.7022653,16.0381213,0.249,close,both,NK Gradići,"Ul. Matije Gupca, 10410, Gradići",places_textsearch
711,NK Sloga Račinovci,,Vukovarsko-srijemska županija,"Ante Starčevića 3A, Račinovci",44.8645034,18.9561402,44.8630409,18.9537944,0.246,close,both,"NK ""Sloga"" Račinovci","32262, Račinovci",places_textsearch
480,NK Vaška,Vaška,Virovitičko-podravska županija,"M.Gupca 2, Vaška, Slatina",45.8154349,17.6662543,45.8145269,17.6633891,0.244,close,both,"NK ""VAŠKA""","33520, Vaška",places_textsearch
869,NK Slavonija Soljani,,,"MATIJE GUPCA 1, Klokočevci",44.9507349,18.9729128,44.9518613,18.9702559,0.244,close,both,NK Slavonija,"NK Slavonija, Tomislavova ul. 5, 32255, Soljani",places_textsearch
173,NK ASK,,Brodsko-posavska županija,"Gornji Andrijevci 39, 35252 Sibinj Gornji Andrijevci",45.182209,17.8848865,45.183626600000004,17.8825269,0.243,close,both,NK ASK Gornji Andrijevci,"Gornji Andrijevci 87, 35252, Gornji Andrijevci",places_textsearch
866,NK Radnički (Ž),Vukovar,,"Kolodvorska ul. 2, 32000 Vukovar",45.3702096,18.9553259,45.3716974,18.957563,0.241,close,both,HNK Radnički Vukovar,"Kudeljarska ul. 6, 32000, Vukovar",places_textsearch
771,NK Putniković,Putniković,Dubrovačko-neretvanska županija,"Putniković 14, 20248 Putniković",42.8724934,17.5247691,42.8744727,17.523859899999998,0.232,close,both,NK Putniković,"20248, Putniković",places_textsearch
134,NK GOŠK Kaštela,Kastel Gomilica,,"A. B. Šimića 21, 21213 Kaštel Gomilica",43.55,16.4,43.5501643,16.4028608,0.231,close,both,NK GOŠK Kaštela,"Ul. Antuna Branka Šimića 22, 21213, Kaštel Gomilica",places_textsearch
860,NK Zamet,Rijeka,Primorsko-goranska županija,"Obitelji Sušanj 2, Rijeka",45.3444743,14.3822108,45.3446791,14.385141299999999,0.23,close,both,NK Zamet,"Ul. Obitelji Sušanj 2, 51000, Rijeka",places_textsearch
787,NK ČSK,Čehovec,Međimurska županija,"Čehovec, Makovica",46.3600919,16.6177145,46.3583362,16.6192665,0.229,close,both,NOGOMETNI KLUB ČSK ČEHOVEC,"Čehovec 105, 40323, Čehovec",places_textsearch
808,NK Pobjeda,Gornji Hrašćan,Međimurska županija,Polenke,46.3770333,16.34907,46.3750212,16.3497061,0.229,close,both,NK Pobjeda Gornji Hrašćan,"Ul. Martina Pušteka 1, 40306, Gornji Hrašćan",places_textsearch
612,NK Croatia Velimirovac,Velimirovac,Osječko-baranjska županija,"B. J. Jelačića 53a Velimirovac 31500 Našice, Velimirovac",45.5239208,18.1005456,45.5239257,18.1034507,0.226,close,both,NK Croatia Velimirovac,"31500, Velimirovac",places_textsearch
239,NK Dinamo Hidrel,Novo Čiče,Zagrebačka županija,"Novo Čiče, 10410 Novo Čiće",45.7048175,16.1184629,45.706229099999995,16.116392599999998,0.225,close,both,NK Dinamo Hidrel,"NK Dinamo Hidrel, Športska, 10410, Novo Čiče",places_textsearch
380,NK Mladost Carevdar,Carevdar,Koprivničko-križevačka županija,"Carevdar 164, 48263 Carevdar",46.0724283,16.644626,46.0736649,16.646907600000002,0.223,close,both,NK Mladost Carevdar,"48264, Carevdar",places_textsearch
390,NK Ivanska,,Bjelovarsko-bilogorska županija,"S. Kolara 1, Ivanska",45.7822225,16.8061535,45.7832814,16.8037118,0.223,close,both,NOGOMETNI KLUB IVANSKA,"Ul. Kolara Slavka 1, 43231, Ivanska",places_textsearch
479,NK Mladost 1930,Čađavica,Virovitičko-podravska županija,"Čađavica, Vukovarska 48",45.745273,17.8601739,45.7458562,17.8574184,0.223,close,both,NOGOMETNI KLUB MLADOST 1930 ČAĐAVICA,"Vukovarska 29A, 33523, Čađavica",places_textsearch
305,NK Tuškani,,Karlovačka županija,Tuškani 14 47000 Karlovac,45.568251,15.5599298,45.566364,15.559008299999999,0.222,close,both,NK Tuškani,"47286, Tuškani",places_textsearch
898,NK Jedinstvo (SKZ),Sveti Križ Začretje,Krapinsko-zagorska županija,"Matije Gupca 1, 49223 Sveti Križ Začretje",46.0792847,15.9131943,46.0800628,15.9105701,0.22,close,both,NK Jedinstvo,"Ul. Matije Gupca, 49223, Sveti Križ Začretje",places_textsearch
306,NK Josipdol,Josipdol,Karlovačka županija,"Karlovačka broj 4, Josipdol",45.1888272,15.2846972,45.1899495,15.286938099999999,0.215,close,both,NK Josipdol,"47303, Josipdol",places_textsearch
781,NK Plavi (P),Peklenica,Međimurska županija,"Peklenica, Počurke",46.49725,16.4726384,46.4967712,16.4753229,0.212,close,both,NK Plavi Peklenica,"Trg Pekleničkih Rudara 1, 40315, Peklenica",places_textsearch
614,NK Sloga Podgorač,Podgorač,Osječko-baranjska županija,Trg Pavla Pejačevića 2 31 433 Podgorač,45.4571041,18.2221074,45.4559351,18.2199723,0.211,close,both,NK Sloga Podgorač,"Ul. Josipa Jurja Strossmayera, 31433, Podgorač",places_textsearch
730,HNK Slaven Trogir,,Splitsko-dalmatinska županija,"Hrvatskih mučenika 30, Trogir",43.5164142,16.2497163,43.5162176,16.247119299999998,0.211,close,both,HNK Slaven Trogir,"Ul. Hrvatskih mučenika 30, 21220, Trogir",places_textsearch
22,NK BSK Bijelo Brdo,Bijelo,,"Nikole Tesle 69a, Bijelo Brdo",45.5175778,18.8731691,45.5194441,18.873468,0.209,close,both,NK BSK Bijelo Brdo,"31204, Bijelo Brdo",places_textsearch
323,NK Podravac Kitro,Sveti Đurđ,Varaždinska županija,"Vinogradska 15, Sesvete L., 42233 Sveti Đurđ",46.2881343,16.6501512,46.286315200000004,16.6496475,0.206,close,both,NK Podravac Sesvete,"Vinogradska ul. 15, 42233, Sesvete Ludbreške",places_textsearch
294,NK Barilović,Barilović,Karlovačka županija,"Barilović b. b., 47252 Barilović",45.3806407,15.5466794,45.3818888,15.5485595,0.202,close,both,PZ BRANITELJ BARILOVIĆ,"47252, Barilović",places_textsearch
334,NK Mladost Molve,Molve,Koprivničko-križevačka županija,"Dravska 19, 48327 Molve",46.1088815,17.0341349,46.110549899999995,17.034961700000004,0.196,close,both,ŠPORTSKI NOGOMETNI KLUB MLADOST MOLVE,"Dravska ul. 19, 48327, Molve",places_textsearch
806,NK Trnovec,Trnovec,Međimurska županija,Trnovec,46.3824617,16.3111314,46.3818081,16.3135064,0.196,close,both,NK Trnovec,"Trnovec 91, 40306, Trnovec",places_textsearch
324,ŠNK Karlovec,Karlovec L.,Varaždinska županija,"Sportska 6, Karlovec L., 42230 Sveti Đurđ",46.287686,16.628775,46.2890843,16.6302637,0.193,close,both,Stadion NK Karlovec,"Srednja ul. 2, 42233, Karlovec Ludbreški",places_textsearch
274,NK Dragonožec,Zagreb,Grad Zagreb,Donjodragonoška cesta 30 10253 Zagreb,45.6642757,15.9446673,45.6658854,15.943786399999997,0.192,close,both,NK Dragonožec,"Sitača 5, 10253, Donji Dragonožec",places_textsearch
394,NK Gordowa,,Bjelovarsko-bilogorska županija,"Trg K. Tomislava b. b., 43270 V. Grđevac, 43270 Veliki Grđevac",45.7515565,17.0497322,45.7509285,17.047424799999998,0.192,close,both,NK GORDOWA,"Ul. bana Josipa Jelačića 1, 43270, Veliki Grđevac",places_textsearch
446,NK Grbci 2000,Rijeka,Primorsko-goranska županija,"Dražička 4, 51000 Rijeka",45.3505999,14.3780105,45.3497254,14.3801151,0.191,close,both,Nogometni Stadion GRBCI,"Dražička ul. 2, 51000, Rijeka",places_textsearch
220,NK Vatrogasac (K),,Zagrebačka županija,"Kobilić 40a, Kobilić",45.7319711,16.1012819,45.7303339,16.1007258,0.187,close,both,NK Vatrogasac Kobilić,"10410, Kobilić",places_textsearch
637,NK Dubrava Ivanovci,,Osječko-baranjska županija,"B RADIĆA 4, Ivanovci",45.6214899,18.3850061,45.619827,18.384802,0.186,close,both,"NK ""Dubrava"" Ivanovci","31227, Ivanovci",places_textsearch
281,NK Čulinec,Zagreb,Grad Zagreb,"Palma 38, 10040 Zagreb",45.8183266,16.0685446,45.8166684,16.0686384,0.185,close,both,NK Čulinec,"10040, Donja Dubrava, Zagreb",places_textsearch
241,NK Oroslavje,Oroslavje,Krapinsko-zagorska županija,"Park obitelji Prpić 1, 49243 Oroslavje",45.9962496,15.9144491,45.9969423,15.912328400000002,0.181,close,both,NK Oroslavje,"Park Obitelji Prpić 1, 49243, Oroslavje",places_textsearch
620,NK Zoljan,,Osječko-baranjska županija,"NAŠIČKA 22A, Zoljan",45.4743443,18.0575436,45.4728469,18.058455,0.181,close,both,NK Zoljan,"D53 22a, 31500, Zoljan",places_textsearch
799,NK Spartak,Mala Subotica,Međimurska županija,"Jagodišće b. b., Mala Subotica",46.3758853,16.5295559,46.3768294,16.5276265,0.181,close,both,NK Spartak,"NK Spartak, 40321, Mala Subotica",places_textsearch
45,NK Slavonac Bukovlje,Bukovlje,,"Stadionska /bb, 35000 Bukovlje",45.1823807,18.0599998,45.183071899999995,18.0579355,0.179,close,both,NK Slavonac Bukovlje,"53M5+65, Stadionska ul. 18, 35000, Bukovlje",places_textsearch
826,NK Napredak (GK),Gornji Kraljevec,Međimurska županija,"Gornji Kraljevec, Gmajna",46.4614003,16.4708863,46.461949399999995,16.4730813,0.179,close,both,NOGOMETNI KLUB NAPREDAK GORNJI KRALJEVEC,"Gornji Kraljevec 148, 49284, Gornji Kraljevec",places_textsearch
249,NK Mladost Marija Bistrica,Marija Bistrica,Krapinsko-zagorska županija,"Zagrebačka 13 A, 49246 Marija Bistrica",46.0029999,16.1193341,46.001675899999995,16.120623,0.178,close,both,NK Mladost Marija Bistrica,"Zagrebačka ul. 13A, 49246, Podgorje Bistričko",places_textsearch
586,NK Motičina,,Osječko-baranjska županija,"MATIJE GUPCA 33, Donja Motičina",45.4943318,18.0202521,45.4928483,18.0211257,0.178,close,both,NK Motičina,"Ul. Matije Gupca, 31513, Donja Motičina",places_textsearch
783,NK Strahoninec,Strahoninec,Međimurska županija,"Strahoninec 40 000 Čakovec, Strahoninec",46.3716848,16.4150213,46.3718273,16.4173011,0.176,close,both,NK Strahoninec,"40000, Strahoninec",places_textsearch
475,NK Bušetina 1947,Bušetina,Virovitičko-podravska županija,"V. Nazora 2, Bušetina, 33404 ŠP. Bukovica",45.8994698,17.3580552,45.8994578,17.360319699999998,0.175,close,both,Igralište NK Bušetina 1947,"Vladimira Nazora 1, 33404, Bušetina",places_textsearch
338,NK Osvit,Đelekovec,Koprivničko-križevačka županija,"M. P. Miškine 1, Đelekovec",46.2506365,16.8637838,46.2512517,16.8617406,0.171,close,both,NK Osvit Đelekovec,"48316, Đelekovec",places_textsearch
17,NK Karlovac 1919,Karlovac,,"13. srpnja 1, 47000 Karlovac",45.484464,15.563948,45.4836509,15.5656523,0.161,close,both,NK Karlovac 1919,"Ul. 13. Srpnja 1, 47000, Karlovac",places_textsearch
279,NK Strmec Zagreb,Strmec,Grad Zagreb,"Hrastina 3, Strmec",45.7101155,15.9181323,45.7087728,15.9189175,0.161,close,both,NK Omladinac,"Strmečka cesta 56, 10000, Strmec",places_textsearch
615,NK Martin,,Osječko-baranjska županija,"MATIJE GUPCA 107, Martin",45.4931201,18.0670184,45.4945294,18.0673277,0.159,close,both,"NK ""Martin""","Ul. Matije Gupca, 31500, Martin",places_textsearch
824,NK Donji Koncovčak,,Međimurska županija,"Donji Koncovčak 39A, Donji Koncovčak",46.5047895,16.3795912,46.5047115,16.381660999999998,0.159,close,both,NK Donji Koncovčak,"40314, Donji Koncovčak",places_textsearch
892,NK Špansko,Zagreb,,"Slavka Batušića 2, 10090 Zagreb",45.7994508,15.9000432,45.8004888,15.9014523,0.159,close,both,NK Špansko,"Ul. Slavka Batušića 2, 10090, Zagreb",places_textsearch
339,NK Ferdinandovac,Ferdinandovac,,Društveni dom u Ferdinandovcu,46.0608291,17.1928025,46.0595664,17.1918762,0.158,close,both,NK Ferdinandovac,"Trg Slobode 35, 48356, Ferdinandovac",places_textsearch
411,NK Korenovo,Bjelovar,Bjelovarsko-bilogorska županija,"Veliko Korenovo, Bjelovar",45.858585,16.8114639,45.859034099999995,16.8095558,0.156,close,both,Nogometni klub Korenovo Veliko Korenovo,"Veliko Korenovo, 43000, Bjelovar",places_textsearch
651,NK Graničar Šljivoševci,,Osječko-baranjska županija,"VL. NAZORA 49, Šljivoševci",45.657054,18.2160583,45.6557639,18.216737500000004,0.153,close,both,Nk Graničar šljivoševci,"Ul. Vladimira Nazora 49A, 31540, Šljivoševci",places_textsearch
733,NK Čaporice - Trilj,,Splitsko-dalmatinska županija,"Čaporice 34B,, 21240 Trilj",43.5981018,16.7306496,43.597274999999996,16.7291572,0.151,close,both,NK Čaporice,"D60 83, 21240, Čaporice",places_textsearch
880,SNK Moslavac,Popovaca,Sisačko-moslavačka županija,44317 Popovaca (HR),45.5670925,16.6282208,45.568372499999995,16.628847999999998,0.15,close,both,ŠNK Moslavac,"44317, Popovača",places_textsearch
378,NK Gošk,Gotalovo,Koprivničko-križevačka županija,"Stjepana Radića 53, Gotalovo",46.2184846,16.9841295,46.2197686,16.9846658,0.149,close,both,NK GOŠK Gotalovo,"Ul. Stjepana Radića BB, 48331, Gotalovo",places_textsearch
800,NK Dubravčan (DD),Donja Dubrava,Međimurska županija,"Krbulja 21, 40 328 Donja Dubrava",46.3154534,16.8053197,46.314987099999996,16.807119300000004,0.148,close,both,NK Dubravčan,"Krbulja ul. 21, 40328, Donja Dubrava",places_textsearch
287,NK Ćiro Academy,Zagreb,Grad Zagreb,"Prilesje 1f, 10000 Zagreb",45.8268879,16.0130762,45.8256133,16.013511299999998,0.146,close,both,NK Ćiro Blažević academy,"10000, Prilesje bb, 10000, Zagreb",places_textsearch
384,NK Lasta (G),Gudovac,Bjelovarsko-bilogorska županija,"Gudovac b.b., Gudovac",45.8836448,16.7758626,45.8830631,16.777536599999998,0.145,close,both,NK Lasta Gudovac,"Gudovac 237, 43251, Gudovac",places_textsearch
405,NK Lasta (P),Gudovac,Bjelovarsko-bilogorska županija,"Gudovac b.b., Gudovac",45.8836448,16.7758626,45.8830631,16.777536599999998,0.145,close,both,NK Lasta Gudovac,"Gudovac 237, 43251, Gudovac",places_textsearch
488,NK Kuzmica,Kuzmica,,"Kuzmica 67a, Kuzmica",45.3291515,17.7512009,45.327977399999995,17.7517967,0.139,close,both,NK Kuzmica,"34311, Kuzmica",places_textsearch
870,NK Dilj (V),,,"Ciglarska 33, Vinkovci",45.2825668,18.7812513,45.283271000000006,18.7797888,0.139,close,both,NK Dilj-nogometno igralište,"Diljeva ul. 24, 32100, Vinkovci",places_textsearch
365,NK Dragovoljac,Zagreb,Zadarska županija,"Aleja Pomoraca 25, 10 200 Zagreb",45.772777,15.9735299,45.771713899999995,15.972638199999999,0.137,close,both,NK Hrvatski Dragovoljac,"Aleja pomoraca 25, 10000, Zagreb",places_textsearch
7,HNK Gorica,Velika Gorica,,"Hrvatske Bratske Zajednice 80, HR-10410 Velika Gorica",45.72399,16.073116,45.7228061,16.0733712,0.133,close,both,HNK Gorica,"Ul. Hrvatske Bratske Zajednice 80, 10410, Velika Gorica",places_textsearch
280,NK Hrvatski Leskovac,Hrvatski Leskovac,Grad Zagreb,"Jezeranska 6a, Grad Zagreb, Hrvatski Leskovac, 10251",45.7442581,15.8894332,45.745308699999995,15.890221,0.132,close,both,NK Hrvatski Leskovac,"Jezeranska ul. 6a, 10251, Hrvatski Leskovac",places_textsearch
790,NK Centrometal,Macinec,Međimurska županija,"Školska 25, Macinec",46.3929917,16.3266356,46.392059599999996,16.3255947,0.131,close,both,NK Centrometal Macinec,"Školska ul. 2, 40306, Macinec",places_textsearch
3,HNK Hajduk Split,Split,,"Ulica 8. Mediteranskih igara 2, 21000, Split, Hrvatska",43.51964837387,16.431683163696,43.5201346,16.4302626,0.127,close,both,Prodavaonica obilježja HNK Hajduk Split,"Osmih mediteranskih igara, 21000, Split",places_textsearch
139,NK Metalac (M),,Sisačko-moslavačka županija,"Slavonska ulica 47, Međurić",45.4580678,16.3806297,45.4573973,16.3793385,0.125,close,both,NK Metalac Sisak,"44000, Caprag, Sisak",places_textsearch
857,NK Cres,Cres,,"NK ""Cres"", Šetalište 20. travnja 1, 51557 Cres",44.9604538,14.4112223,44.959332499999995,14.411297999999999,0.125,close,both,NOGOMETNI KLUB CRES,"Šetalište 20. travnja 1, 51557, Cres",places_textsearch
884,NK Metalac (S),,Sisačko-moslavačka županija,,45.4580678,16.3806297,45.4573973,16.3793385,0.125,close,both,NK Metalac Sisak,"44000, Caprag, Sisak",places_textsearch
198,NK Klas (M),Mičevec,Zagrebačka županija,"Put sv. Benedikta 1, 10410, Mičevec, Hrvatska",45.7529444,16.0531946,45.7540404,16.052868999999998,0.124,close,both,NK Klas,"10410, Mičevec",places_textsearch
724,NK Urania,,,"Dr.Šimuna Sikavice 7A, Baška Voda",43.3543161,16.9514643,43.354202199999996,16.952974299999997,0.123,close,both,NK Urania,"21320, Baška Voda",places_textsearch
809,NK Jadran (Š),Štefanec,Međimurska županija,"Nikole Tesle 1/a Štefanec 40 000 Čakovec, Štefanec",46.3734808,16.4927003,46.3739499,16.4912755,0.121,close,both,NK Jadran Štefanec,"Ulica Nikole Tesle 1a Štefanec, 40000, ČAKOVEC",places_textsearch
178,NK Slavonac,,Sisačko-moslavačka županija,"Sajmišna bb, Lipovljani",45.4028273,16.8832232,45.4024553,16.8817759,0.12,close,both,ŠNK Slavonac,"44322, Lipovljani",places_textsearch
368,NK Rasinja,Rasinja,,"TRG SVETOG FLORIJANA 16, 48000 RASINJA",46.1879999,16.7085329,46.188290699999996,16.710034099999998,0.12,close,both,"NOGOMETNI KLUB ""RASINJA""","Trg sv. Florijana 16, 48312, Rasinja",places_textsearch
58,HNK Primorac Biograd na Moru,Biograd na Moru,,"Ruđera Boškovića 9, 23210 Biograd na Moru",43.9403659,15.4551594,43.940421099999995,15.456626799999999,0.118,close,both,HNK Primorac Biograd n/m,"Ul. Lavoslava Ružičke, 23210, Biograd na Moru",places_textsearch
757,BŠK Zmaj,Blato,,"Ulica 32 br. 192, Blato, Otok Korčula, Hrvatska",42.9388312,16.7912696,42.9397847,16.790699099999998,0.116,close,both,BLATSKI ŠPORTSKI KLUB ZMAJ,"32. Ul. 19-2, 20271, Blato",places_textsearch
9,NK Slaven Belupo,Koprivnica,,"M. P. Miškine 10, 48000 Koprivnica",46.166803,16.835081,46.166145,16.833981599999998,0.112,close,both,NK Slaven Belupo,"Ul. Mihovila Pavleka Miškine 10, 48000, Koprivnica",places_textsearch
499,NK Eminovci,,Požeško-slavonska županija,"Vukovarska 140, Eminovci",45.3565213,17.7291335,45.355591,17.7286449,0.11,close,both,NK Dinamo,"34308, Eminovci",places_textsearch
95,NK Pitomača,Pitomača,,"Vinogradska 19, 33405 Pitomača",45.944240859882,17.229321960916,45.9450609,17.2300935,0.109,close,both,NK Pitomača,"Vinogradska ul. 19, 33405, Pitomača",places_textsearch
10,GNK Dinamo Zagreb,Zagreb,,"Maksimirska 128, 10000 Zagreb",45.818604866515,16.01835977764,45.818516599999995,16.016972100000004,0.108,close,both,GNK Dinamo,"Maksimirska Cesta 128, 10000, Zagreb",places_textsearch
474,NK Aršanj,Sedlarica,Virovitičko-podravska županija,"Sedlarica 7, Pitomača",45.8965853,17.1965771,45.897133600000004,17.197669599999998,0.104,close,both,NK Aršanj Sedlarica,"Sedlarica 7, 33405, Pitomača",places_textsearch
191,NK Buna,Mala Buna,Zagrebačka županija,"Malobunska cesta 2, 10413, Mala Buna, Hrvatska",45.643361,16.0553662,45.644208899999995,16.054881299999998,0.102,close,both,NK Buna,"Malobunska cesta 2, 10413, Mala Buna",places_textsearch
251,NK Oštrc,Zlatar,Krapinsko-zagorska županija,"Ulica braće Radić bb, 49250 ZLATAR",46.0931797,16.0718154,46.0929448,16.0730899,0.102,close,both,NK Oštrc Zlatar,"Ul. Braće Radić 10, 49250, Zlatar",places_textsearch
852,NK Žminj,,Istarska županija,"Pazinska 2G, Žminj",45.1439098,13.9086751,45.144408899999995,13.909755899999999,0.101,close,both,NK Žminj,"52341, Žminj",places_textsearch
57,NK Zagora Unešić,Unešić,,"Put škole 3, 22323 Unešić",43.7382351,16.1876725,43.7384221,16.186466199999998,0.099,close,both,NK Zagora Unešić,"P5QP+9H, 22323, Unešić",places_textsearch
150,NK Lokomotiva (K),,Sisačko-moslavačka županija,Lokomotivska 10,45.7821862,15.9684872,45.7812991,15.968331200000002,0.099,close,both,NK Lokomotiva,"Ul. Radoslava Cimermana 3, 10000, Zagreb",places_textsearch
556,NK BONK,,Brodsko-posavska županija,"Bebrina 182, 35254 Bebrina",45.0983958,17.8394853,45.098501399999996,17.838235600000004,0.099,close,both,NK BONK Bebrina,"35254, Bebrina",places_textsearch
205,NK Mladost (L),Marija Bistrica,Zagrebačka županija,"Zagrebačka 13 A, 49246 Marija Bistrica",46.0008045,16.1204646,46.001675899999995,16.120623,0.098,close,both,NK Mladost Marija Bistrica,"Zagrebačka ul. 13A, 49246, Podgorje Bistričko",places_textsearch
232,NK Mladost (OKS),Marija Bistrica,Zagrebačka županija,"Zagrebačka 13 A, 49246 Marija Bistrica",46.0008045,16.1204646,46.001675899999995,16.120623,0.098,close,both,NK Mladost Marija Bistrica,"Zagrebačka ul. 13A, 49246, Podgorje Bistričko",places_textsearch
238,NK Mladost (KD),Marija Bistrica,Zagrebačka županija,"Zagrebačka 13 A, 49246 Marija Bistrica",46.0008045,16.1204646,46.001675899999995,16.120623,0.098,close,both,NK Mladost Marija Bistrica,"Zagrebačka ul. 13A, 49246, Podgorje Bistričko",places_textsearch
560,NK Zvonimir,,Brodsko-posavska županija,"Sv. Filipa i Jakova 147, 35208 Donja Vrba",45.165308,18.1177481,45.164438499999996,18.1178283,0.097,close,both,Stadion NK ZVonimir Donja Vrba,"35207, Donja Vrba",places_textsearch
745,NK Štinjan,Pula,Istarska županija,"NK Štinjan, Pužar 32-Štinjan, 52100 Pula",44.8909715,13.8202874,44.891612099999996,13.8211052,0.096,close,both,NK Štinjan,"Pužar ul. 32, 52212, Pula",places_textsearch
168,NK PPG Rujevac,Rujevac,Sisačko-moslavačka županija,"Rujevac 99 44440 Dvor, 44440 Rujevac",45.1287137,16.2660282,45.128978499999995,16.2648752,0.095,close,both,NK PPG Rujevac,"44440, Rujevac",places_textsearch
341,NK Graničar (L),,Brodsko-posavska županija,"Ulica Klakar 26a, Klakar",45.1777369,17.9808798,45.1777144,17.9796621,0.095,close,both,NK Graničar,"Sjeverna vezna cesta 13, 35000, Brodski Varoš",places_textsearch
522,NK Graničar (SK),,Brodsko-posavska županija,"Ulica Klakar 26a, Klakar",45.1777369,17.9808798,45.1777144,17.9796621,0.095,close,both,NK Graničar,"Sjeverna vezna cesta 13, 35000, Brodski Varoš",places_textsearch
528,NK Graničar Brodski Varoš,,Brodsko-posavska županija,"Graničarska 1, 35000 Slavonski Brod",45.1777369,17.9808798,45.1777144,17.9796621,0.095,close,both,NK Graničar,"Sjeverna vezna cesta 13, 35000, Brodski Varoš",places_textsearch
547,NK Graničar (MM),,Brodsko-posavska županija,"Ulica Klakar 26a, Klakar",45.1777369,17.9808798,45.1777144,17.9796621,0.095,close,both,NK Graničar,"Sjeverna vezna cesta 13, 35000, Brodski Varoš",places_textsearch
557,NK Graničar (SŠ),,Brodsko-posavska županija,"Ulica Klakar 26a, Klakar",45.1777369,17.9808798,45.1777144,17.9796621,0.095,close,both,NK Graničar,"Sjeverna vezna cesta 13, 35000, Brodski Varoš",places_textsearch
621,NK Lila,,Osječko-baranjska županija,"LILE PEJAČEVIĆ 24, Lila",45.5539033,18.1219159,45.5538193,18.1207069,0.095,close,both,NK Lila,"Ul. Lile Pejačević 24, 31500, Lila",places_textsearch
661,NK DOŠK Drniš,Drniš,Šibensko-kninska županija,"Podvornica 8, 22320 Drniš",43.8610298,16.156959,43.8616305,16.1578095,0.095,close,both,NK DOŠK Drniš,"PODVORNICA 8, 22320, Drniš",places_textsearch
694,NK Nosteria,,Vukovarsko-srijemska županija,"Križnog Puta 4, Nuštar",45.3290186,18.8382258,45.3290788,18.8370124,0.095,close,both,NK Nosteria Nuštar,"32221, Nuštar",places_textsearch
90,NK Grobničan,Mavrinci,,"Mavrinci 4, 51219 Čavle",45.3467766,14.5004081,45.3474625,14.499709500000002,0.094,close,both,NK Grobničan,"Mavrinci 4, 51219, Čavle",places_textsearch
131,HNK Val Kaštel Stari,Kaštel Stari,,"TAMUNIĆ 46, 21212 Kaštel Sućurac",43.5533286,16.345825,43.553299599999995,16.346985999999998,0.094,close,both,HNK Val (KS),"Cesta Dr. Franje Tuđmana 701, 21216, Kaštel Stari",places_textsearch
223,NK Gaj,Mače,Zagrebačka županija,"Gaj 28a, Gaj",46.0935427,16.0433754,46.0942497,16.0440483,0.094,close,both,NK Gaj Mače,"Mače 30A, 49251, Mače",places_textsearch
135,HNK Jadran Kaštel Sućurac,Kaštel Sućurac,,"Tamunic 46, 21212, Kaštel Sućurac, Hrvatska",43.5495057,16.4220903,43.5503011,16.4223125,0.09,close,both,HNK Jadran (KS),"21212, Kaštel Sućurac",places_textsearch
189,NK Dubrava,Zagreb,Zagrebačka županija,"Aleja Blaža Jurišića 2, 10040 Zagreb",45.8367424,16.0538098,45.8373328,16.054603099999998,0.09,close,both,NK Dubrava Tim Kabel,"Aleja Blaža Jurišića 2, 10040, Zagreb",places_textsearch
575,NK FEŠK,Feričanci,Osječko-baranjska županija,"Ul. Kolodvorska 5E, 31512, Feričanci, Croatia",45.5257313,17.9733411,45.5251185,17.974089499999998,0.09,close,both,NK FEŠK Feričanci,"Ul. Kolodvorska 5E, 31512, Feričanci",places_textsearch
19,HNK Cibalia Vinkovci,Vinkovci,,"H. D. Genschera 10b, 32100 Vinkovci, Hrvatska",45.28375,18.79612,45.2837329,18.797247,0.088,close,both,Stadion HNK Cibalia Vinkovci,"Ul. Hansa Dietricha Genschera 22, 32100, Vinkovci",places_textsearch
644,NK Jadran Habjanovci,Habjanovci,Osječko-baranjska županija,"Fiskulturna 1, Habjanovci",45.5403663,18.424968,45.5398158,18.4257782,0.088,close,both,NK Jadran Habjanovci,"31223, Habjanovci",places_textsearch
66,NK Urania Baška Voda,Baška Voda,,"Dr. Šimuna Sikavice 7A, 21320 Baška Voda",43.3534566,16.9528401,43.354202199999996,16.952974299999997,0.084,close,both,NK Urania,"21320, Baška Voda",places_textsearch
531,NK Dubrava (Z),,Brodsko-posavska županija,"Dubrava 4, Zadubravlje",45.1689901,18.1554033,45.1696378,18.1558654,0.081,close,both,NK Dubrava Zadubravlje,"35211, Zadubravlje",places_textsearch
657,NK Zrinski Vinogradci,,Osječko-baranjska županija,"K.TOMISLAVA 61, Vinogradci",45.6632049,18.3646902,45.663711,18.3639829,0.079,close,both,NK Zrinski Vinogradci,"Rudina Pašnjak 1, 31551, Vinogradci",places_textsearch
748,NK Novigrad 1947,Novigrad,Istarska županija,"Emonijska 4, Novigrad",45.3174062,13.5682582,45.316821999999995,13.568799499999999,0.078,close,both,NK Novigrad,"Lako ul., 52466, Novigrad",places_textsearch
28,ŽNK Virovitica,Virovitica,,Stanka Vraza 45-33000 Virovitica,45.8389754,17.3832669,45.8395614,17.3827277,0.077,close,both,NK Virovitica,"33000, Virovitica",places_textsearch
143,NK BSK Budaševo,Budaševo,Sisačko-moslavačka županija,"Trg Marijana Šokčevića 1, Budaševo",45.47606,16.4368967,45.476654599999996,16.436400799999998,0.077,close,both,NK BSK Budaševo,"Trg Marijana Šokčevića, 44202, Budaševo",places_textsearch
340,NK Prugovac,,Koprivničko-križevačka županija,"Kozarevačka 2, Prugovac",45.9699075,17.1202283,45.9695337,17.1210689,0.077,close,both,NK Prugovac,"Vinogradska ul. 1, 48362, Prugovac",places_textsearch
435,NK Vrbovsko,Vrbovsko,Primorsko-goranska županija,"Ivana Gorana Kovačića 16, Vrbovsko",45.3740037,15.0781121,45.373588299999994,15.077326,0.077,close,both,NK Vrbovsko,"Ul. Ivana Gorana Kovačića 18, 51326, Vrbovsko",places_textsearch
473,NK Sokol (M),Milanovac,Virovitičko-podravska županija,"Vinogradski put 1,odvojak 6,Milanovac",45.8060459,17.3875602,45.8053569,17.3876533,0.077,close,both,NK Sokol Milanovac,"30. svibnja 29, 33000, Milanovac",places_textsearch
727,NK Omladinac Vranjic,,Splitsko-dalmatinska županija,"Pri sela 1, Vranjic",43.5309049,16.4734969,43.5309367,16.4725738,0.075,close,both,NK Omladinac Vranjic,"Ul. Pri sela 1, 21211, Vranjic",places_textsearch
125,NK Banjole,Banjole,,"Glavica 11 a, Banjole, 52100 Pula",44.8191083,13.8617564,44.8196018,13.8623687,0.073,close,both,NK Banjole,"Glavica 11A, 52100, Banjole",places_textsearch
410,NK Croatia Klokočevac,Bjelovar,Bjelovarsko-bilogorska županija,Klokočevac 93a Bjelovar,45.9156493,16.7881302,45.9151443,16.7875332,0.073,close,both,NK Croatia - Klokočevac,"Klokočevac 93A, 43211, Klokočevac",places_textsearch
81,NK Lučko,Zagreb,,"Puškarićeva ulica 122, 10250 Lučko",45.76049,15.867824,45.7599034,15.868226499999999,0.072,close,both,NK Lučko,"Puškarićeva ul. 122, 10250, Lučko",places_textsearch
332,NK Tomislav Radnik,Sv. Ivan Žabno,Koprivničko-križevačka županija,"Ulica kralja Tomislava 1,48214 Sv. Ivan Žabno",45.9434108,16.6020096,45.9440609,16.602023199999998,0.072,close,both,NK Tomislav,"ŽC3052 11, 48214, Sveti Ivan Žabno",places_textsearch
54,NK Junak Sinj,Sinj,,"Put Šumarije 1A, 21230 Sinj",43.702347,16.653878,43.7028294,16.653297700000003,0.071,close,both,NK Junak,"Put Šumarije 16, 21230, Sinj",places_textsearch
511,NK Budainka Kolonija,,Brodsko-posavska županija,"Bilogorska b. b., 35000 Slavonski Brod",45.1728049,17.9925026,45.172165299999996,17.9924867,0.071,close,both,NK Budainka Kolonija,"Bilogorska ul. 32, 35000, Slavonski Brod",places_textsearch
862,NK NAŠK,,,"P.PRERADOVIĆA 23, Našice",45.4856558,18.091663,45.485626599999996,18.090753499999998,0.071,close,both,NK NAŠK,"Ul. Petra Preradovića 23, 31500, Našice",places_textsearch
510,NK Posavina (VK),Velika Kopanica,Brodsko-posavska županija,"Vladimira Nazora 2, 35221 Velika Kopanica",45.1581062,18.3958732,45.1574792,18.3959402,0.07,close,both,NK Posavina - Velika Kopanica nogometno igralište i klub,"Ul. Vladimira Nazora 1a, 35221, Velika Kopanica",places_textsearch
67,HNK Sloga Mravince,Mravince,,"Gajeva 2A, 21209 Mravince",43.5325663,16.5184153,43.5328096,16.5176332,0.069,close,both,HNK Sloga Mravince,"21209, Mravince",places_textsearch
867,HNK Fruškogorac,,Vukovarsko-srijemska županija,"Fruškogorska 2, Ilok",45.2235636,19.3608434,45.2229568,19.3606862,0.069,close,both,HNK Fruškogorac Ilok,"Fruškogorska ul., 32236, Ilok",places_textsearch
2,NK Osijek,Osijek,,"J. J. Strossmayera 126B, 31000 Osijek",45.56659,18.65786,45.566533,18.6569862,0.068,close,both,NK Osijek,"Ul. Josipa Jurja Strossmayera 126b, 31000, Osijek",places_textsearch
69,HNK Segesta,Sisak,,"Borisa Brnada 56, Sisak 44000, Hrvatska",45.478305,16.377278,45.4783238,16.3764099,0.068,close,both,HNK Segesta,"Ul. Borisa Brnada 56, 44000, Sisak",places_textsearch
29,NK Međimurje Čakovec,Cakovec,,"Športska 2, Čakovec",46.391524,16.422378,46.391498899999995,16.421501199999998,0.067,close,both,NK Međimurje Čakovec,"Športska ul. 2, 40000, Čakovec",places_textsearch
508,NK Ovčare,Ovčare,Požeško-slavonska županija,"Ovčare 15, Ovčare",45.3968014,17.7879708,45.397054399999995,17.7872223,0.065,close,both,Stadion NK Ovčare,"34335, Ovčare",places_textsearch
263,NK Mladost - Buzin,Zagreb,Grad Zagreb,"Ulica Mladosti I. odvojak 3, HR-10010 Zagreb",45.7495569,15.989185,45.7492708,15.989884199999999,0.063,close,both,NK Mladost Buzin,"Mladosti ul. odv. III, 10010, Buzin",places_textsearch
402,NK Napredak Rajić,,Bjelovarsko-bilogorska županija,Rajić 73,45.8980415,16.7050598,45.8985634,16.7053392,0.062,close,both,NK NAPREDAK RAJIĆ,"Rajić 73, 43252, Rajić",places_textsearch
794,NK Sloga (Š),,Međimurska županija,"Štrigova 89, Štrigova",46.3775096,16.4507241,46.3780445,16.4504883,0.062,close,both,NK Sloga,"Ul. Mihovila Pavleka Miškine, 40000, Čakovec",places_textsearch
633,NK LIV 1949,Vladislavci,Osječko-baranjska županija,"Športska b. b. 31404, Vladislavci",45.4550483,18.5707424,45.4555906,18.5708353,0.061,close,both,NK LIV 1949 Vladislavci,"31404, Vladislavci",places_textsearch
5,HNK Rijeka,Rijeka,,"Rujevica 10, 51000 Rijeka",45.347681,14.402144,45.3479342,14.401489000000002,0.058,close,both,HNK Rijeka,"51000, Rijeka",places_textsearch
565,NK Hajduk (P),,Osječko-baranjska županija,"Športska ulica 13, Popovac",45.6659547,18.2829035,45.665811,18.283614699999998,0.058,close,both,"NK ""Hajduk"" Marijanci","Ulica bana Josipa Jelačića 46, 31555, Marijanci",places_textsearch
574,NK Tomislav - Livana,Livana,,"Cvjetna b. b., Livana",45.5275454,18.6153058,45.52776850000001,18.615973399999998,0.058,close,both,"NK ""Tomislav"" Livana","31431, Livana",places_textsearch
577,NK Hajduk (M),,Osječko-baranjska županija,"BANA JOSIPA JELAČIĆA 44A, Marijanci",45.6659547,18.2829035,45.665811,18.283614699999998,0.058,close,both,"NK ""Hajduk"" Marijanci","Ulica bana Josipa Jelačića 46, 31555, Marijanci",places_textsearch
593,NK Hajduk (ŠP),,Osječko-baranjska županija,,45.6659547,18.2829035,45.665811,18.283614699999998,0.058,close,both,"NK ""Hajduk"" Marijanci","Ulica bana Josipa Jelačića 46, 31555, Marijanci",places_textsearch
659,NK Tomislav (Š),,Osječko-baranjska županija,"B. RADIĆA 34, Šag",45.5275454,18.6153058,45.52776850000001,18.615973399999998,0.058,close,both,"NK ""Tomislav"" Livana","31431, Livana",places_textsearch
491,NK Hrvatski Dragovoljac (D),,Požeško-slavonska županija,"Brodski Drenovac 184a, Brodski Drenovac",45.2155603,17.7428582,45.215668,17.7421562,0.056,close,both,NK Hrvatski Dragovoljac,"34315, Brodski Drenovac",places_textsearch
94,NK Bilogora 91,Grubišno Polje,,"Trg bana Josipa Jelačića br. 1, Grubišno Polje",45.705039,17.1741882,45.7049358,17.174884,0.055,close,both,NK Bilogora '91,"Ul. Matije Gupca 22, 43290, Grubišno Polje",places_textsearch
49,NK Slavonija Požega,Požega,,"Dr. Franje Tuđmana 4, 34 000 Požega",45.336623,17.6735827,45.336672,17.6728958,0.054,close,both,NK Slavonija Požega,"Ul. Antuna Mihanovića 10, 34000, Požega",places_textsearch
132,HNK Šibenik,Sibenik,,"Bana Josipa Jelačića 9A, Šibenik",43.744024,15.895884,43.7443429,15.896385,0.054,close,both,HNK Šibenik,"Ul. bana Josipa Jelačića 9a, 22000, Šibenik",places_textsearch
766,NK Omladinac Lastovo,Lastovo,Dubrovačko-neretvanska županija,"Luža 2, 20290 Lastovo",42.7667528,16.8959014,42.767170799999995,16.8962298,0.054,close,both,NK Omladinac Lastovo,"Luža 2, 20290, Lastovo",places_textsearch
8,NK Varaždin,Varaždin,,"Zagrebačka 94, 42000 Varaždin",46.293434,16.344355,46.2932306,16.3437382,0.053,close,both,NK Varaždin,"Zagrebačka ul. 94, 42000, Varaždin",places_textsearch
55,RNK Split,Split,,"Hrvatske mornarice 10, 21000 Split",43.519154,16.444175,43.5191643,16.4435161,0.053,close,both,RNK Split,"Ul. Hrvatske Mornarice 10, 21000, Split",places_textsearch
691,NK Šokadija (Đ),Stari Mikanovci,Vukovarsko-srijemska županija,"Školska 11, 32284 Stari Mikanovci",45.2871775,18.5542819,45.286830599999995,18.5538147,0.053,close,both,NK Šokadija,"Ul. Svetog Nikole 12, 32284, Stari Mikanovci",places_textsearch
692,NK Šokadija (SM),Stari Mikanovci,Vukovarsko-srijemska županija,"Školska 11, 32284 Stari Mikanovci",45.2871775,18.5542819,45.286830599999995,18.5538147,0.053,close,both,NK Šokadija,"Ul. Svetog Nikole 12, 32284, Stari Mikanovci",places_textsearch
736,NK Hvar,Hvar,Splitsko-dalmatinska županija,"Demetrija Hvarskog 2, 21450 Hvar",43.1668151,16.4464148,43.16676,16.4470652,0.053,close,both,NOGOMETNI KLUB HVAR,"Demetrija Hvarskog 2, 21450, Hvar",places_textsearch
92,NK Graničar Kotoriba,Kotoriba,,Kotoriba,46.3483305,16.8145703,46.348157199999996,16.8139355,0.052,close,both,NK Graničar Kotoriba,"Ul. Nikole Zrinskog 20, 40329, Kotoriba",places_textsearch
551,NK Batrina,,Brodsko-posavska županija,"Trg Ljudevita Gaja 38B, Batrina",45.1880293,17.6630254,45.1877248,17.6625248,0.052,close,both,NK Batrina,"TRG. LJ.GAJA BB, Batrina, 35410, Batrina",places_textsearch
32,NK Polet Sv. Martin na Muri,Sv. Martin na Muri,,"Dunajska 44, 40313 Sv. Martin na Muri",46.5299088,16.3610909,46.5294476,16.3611146,0.051,close,both,NK Polet Sveti Martin na Muri,"Dunajska ul. 44, 40313, Sveti Martin na Muri",places_textsearch
758,NK Slaven Gruda,,Dubrovačko-neretvanska županija,"Gruda 154, Gruda",42.5211516,18.3791445,42.521404499999996,18.3786219,0.051,close,both,HNK Slaven Gruda,"G9CH+HC, 20216, Gruda",places_textsearch
20,NK Croatia Zmijavci,Zmijavci,,"Kujundžušin put 12, 21266 Zmijavci",43.413972,17.204907,43.4135281,17.204845499999998,0.05,exact,both,NK Croatia Zmijavci,"21266, Zmijavci",places_textsearch
272,NK Studentski Grad,Zagreb,Grad Zagreb,"Gjure Prejca 4, 10 040 Zagreb",45.8339207,16.060935,45.8340111,16.0615611,0.05,exact,both,NK Studentski grad,"Ul. Gjure Prejca, 10000, Zagreb",places_textsearch
6,NK Istra 1961,Pula,,"Mate Balote 11, 52100 Pula",44.861679,13.851346,44.861433399999996,13.850824099999999,0.049,exact,both,NK Istra 1961,"Ul. Mate Balote 11, 52100, Pula",places_textsearch
116,NK OŠK Omišalj,Omišalj,,"Pušća 250, 51513 Omišalj",45.216519,14.5607,45.216269999999994,14.560181,0.049,exact,both,NK OŠK Omišalj,"Ul. Pušća 93, 51513, Omišalj",places_textsearch
183,NK Nafta,,Sisačko-moslavačka županija,"Kozarice 124, 443220 Kozarice",45.3872546,16.9648034,45.3870728,16.9642455,0.048,exact,both,NK Nafta Kozarice,"44322, Kozarice",places_textsearch
470,NK Otrovanec,Otrovanec,Virovitičko-podravska županija,"Otrovanec bb, Pitomača",45.9260643,17.209808,45.9259676,17.2104092,0.048,exact,both,NK Otrovanec,"Otrovanec 206, 33405, Otrovanec",places_textsearch
108,NK Vinogorac Brodsko Vinogorje,,,"Zlatka Balokovića 1, 35000 Slavonski Brod",45.1805991,17.9979766,45.1810173,17.997861999999998,0.047,exact,both,Stadion NK Vinogorac,"Vinogorčeva ul. 2, 35000, Slavonski Brod",places_textsearch
159,NK Dinamo (J),Kapela Dvor,Virovitičko-podravska županija,"Kapela Dvor 24,Lukač",45.8901043,17.4212341,45.890448899999996,17.420889799999998,0.047,exact,both,Kapela Dvor,"33406, Kapela Dvor",places_textsearch
376,NK Udarnik,Kućan Gornji,,"Varaždinska 168, 42000 Varaždin, 42000 Kućan Gornji",46.2760164,16.3770589,46.276359799999994,16.3767237,0.046,exact,both,NK Udarnik 32,"Varaždinska ul. 168, 42000, Gornji Kućan",places_textsearch
461,ŠN Graničar Okrugljača,Okrugljača,Virovitičko-podravska županija,"Okrugljača 60, 33404 Šp.Bukovica",45.932752,17.3675922,45.932772299999996,17.368189800000003,0.046,exact,both,Okrugljača,Okrugljača,places_textsearch
13,NK Dubrava Tim Kabel,Zagreb,,"Aleja Blaža Jurišića 2, 10040 Zagreb",45.837717,16.054805,45.8373328,16.054603099999998,0.045,exact,both,NK Dubrava Tim Kabel,"Aleja Blaža Jurišića 2, 10040, Zagreb",places_textsearch
105,NK Borac Kneževi Vinogradi,Kneževi Vinogradi,,"Hrvatske Republike 3, Kneževi Vinogradi",45.7468515,18.7330933,45.7469818,18.7325388,0.045,exact,both,Stadion NK Borac,"Glavna ul. 48, 31309, Kneževi Vinogradi",places_textsearch
309,NK Sloboda (VŽ),Varaždin,Varaždinska županija,"Ognjena Price 31, 42000 Varaždin",46.3133324,16.3415822,46.3134802,16.3410299,0.045,exact,both,NK Sloboda,"O. Price 31, 42000, Varaždin",places_textsearch
312,ŠNK Radnički,Hrženica,Varaždinska županija,"Ludbreška 30, Hrženica, 42233 Sveti Đurđ",46.2955039,16.5826548,46.295703599999996,16.582148699999998,0.045,exact,both,NK Radnički Hrženica,"Ludbreška ul. 30, 42233, Hrženica",places_textsearch
65,NK Uskok Klis,Klis,,"Iza grada 4, 21231 Klis",43.561324314397,16.524438899183,43.5611434,16.5239548,0.044,exact,both,NK Uskok Klis,"Ulica Iza grada, 21231, Klis",places_textsearch
314,ŠNK Polet (M),Varaždinske Toplice,Varaždinska županija,"Tuhovec 199/1, Varaždinske Toplice",46.2115597,16.4596598,46.211949999999995,16.459553,0.044,exact,both,ŠNK Polet Tuhovec,"42223, Tuhovec",places_textsearch
100,NK Graničar Đurđevac,Đurđevac,,"Antuna Radića 23, Đurđevac",46.0436624,17.0731144,46.043860599999995,17.0726573,0.042,exact,both,NK Graničar Đurđevac,"Ul. Antuna Radića 23, 48350, Đurđevac",places_textsearch
395,NK Skok,Bjelovar,Bjelovarsko-bilogorska županija,NOVI SKUCANI-43000BJELOVAR-Hrvatska,45.9368274,16.814603,45.9366385,16.815065999999998,0.042,exact,both,NK Skok Skucani,"43211, Novi Skucani",places_textsearch
177,NK Jasenovac,Jasenovac,Sisačko-moslavačka županija,Trg kralja Petra Svačića 19 44324 Jasenovac,45.269321,16.9099825,45.2690517,16.9103441,0.041,exact,both,NK Jasenovac,"44324, Jasenovac",places_textsearch
313,NK Mladost (VŽ),,Varaždinska županija,"Ulica Metela Ožegovića 21, Margečan",46.2841551,16.3323699,46.284282999999995,16.3328642,0.041,exact,both,NK Mladost Varaždin,"Sportska ul. 25, 42000, Varaždin",places_textsearch
408,ONK Šandrovac,,Bjelovarsko-bilogorska županija,"Bjelovarska ulica b. b., Šandrovac",45.9048098,17.0178769,45.9051067,17.0181617,0.04,exact,both,Onk Šandrovac,"Bjelovarska ul. bb, 43227, Šandrovac",places_textsearch
572,NK Polača,,Zadarska županija,"Polača 231A, Polača",44.0283367,15.5013495,44.0281745,15.500903699999999,0.04,exact,both,NOGOMETNI KLUB POLAČA,"Tinj 154, 23423, Polača",places_textsearch
16,NK Dugopolje,Dugopolje,,"Matice hrvatske 11, Dugopolje",43.588036,16.573949,43.588042,16.5734641,0.039,exact,both,NK Dugopolje,"Stadion, Hrvatski vitezovi, Ul. Matice Hrvatske 57, 21204, Dugopolje",places_textsearch
120,NK Pomorac,Kostrena,,"ŽUKNICA 7 A, 51221 Kostrena, Kostrena , 51221",45.304908,14.497509,45.3051586,14.497864799999999,0.039,exact,both,NK Pomorac,"51221, Kostrena, Hrvatska",places_textsearch
15,HNK Orijent,Rijeka,,"Kumičićeva 66, 51 000 Rijeka",45.323716,14.468411,45.3239875,14.4681201,0.038,exact,both,HNK Orijent 1919,"Kumičićeva ul. 66, 51000, Rijeka",places_textsearch
35,NK Oriolik Oriovac,Oriovac,,"Mate Gabrića bb, 35250 Oriovac",45.163477,17.748785,45.163556299999996,17.7483286,0.037,exact,both,NK Oriolik Oriovac,"35250, Oriovac",places_textsearch
315,ŠNK Poljoprivrednik,Mali Bukovec,Varaždinska županija,"Kapela P. 1b, 42231 Mali Bukovec",46.2699526,16.6974549,46.2696191,16.6974257,0.037,exact,both,NK Poljoprivrednik,"Kapela Podravska 1B, 42231, Kapela Podravska",places_textsearch
415,NK BŠK Brezovac,,Bjelovarsko-bilogorska županija,"Športska ulica 5, Brezovac",45.8674588,16.8383912,45.8675119,16.8379366,0.036,exact,both,NK BŠK Brezovac,"Športska ul. 5, 43000, Brezovac",places_textsearch
900,NK Zagreb,Zagreb,,"Veslačka 1a, 10000 Zagreb",45.7890966,15.9579096,45.7887792,15.9579058,0.035,exact,both,NK Zagreb,"Veslačka ul. 1, 10000, Zagreb",places_textsearch
144,NK Sokol (L),Sokolovac,Sisačko-moslavačka županija,"Trg dr. T. Bardeka 10a, 48306 Sokolovac",45.6094159,16.580645,45.6094443,16.5810835,0.034,exact,both,NK Sokol,"15A, 44316, Velika Ludina",places_textsearch
176,NK Sokol (R),Sokolovac,Sisačko-moslavačka županija,"Trg dr. T. Bardeka 10a, 48306 Sokolovac",45.6094159,16.580645,45.6094443,16.5810835,0.034,exact,both,NK Sokol,"15A, 44316, Velika Ludina",places_textsearch
744,NK Vinjani,Donji Vinjani,Splitsko-dalmatinska županija,"VINJANI DONJI 393, 21260 DONJI VINJANI",43.4295004,17.253601,43.4292857,17.2538677,0.032,exact,both,NK Vinjani,"C7H3+PG, 21260, Donji Vinjani",places_textsearch
77,NK Gaj Mače,Mače,,"Mače 30, Mače",46.0942745,16.0444225,46.0942497,16.0440483,0.029,exact,both,NK Gaj Mače,"Mače 30A, 49251, Mače",places_textsearch
53,NK Hrvatski Vitez Posedarje,Posedarje,,"ŠPORTSKA ULICA 1, 23242 POSEDARJE",44.2129808,15.4708877,44.2131993,15.470738199999998,0.027,exact,both,NK Hrvatski Vitez,"Športska 1, 23242, Posedarje",places_textsearch
590,ŠNK Ratar,,Osječko-baranjska županija,"Trg Bana Josipa Jelačića 3, 31417 Piškorevci",45.2510944,18.3988388,45.2512535,18.3991041,0.027,exact,both,NK Ratar Piškorevci - nogometni klub i stadion,"Ul. Bana Josipa Jelačića 3, 31417, Piškorevci",places_textsearch
666,NK Mladost Tribunj,,Šibensko-kninska županija,"Ulica Vladimira Nazora 9, Tribunj",43.755071,15.7498517,43.755004199999995,15.749557699999999,0.025,exact,both,NK Mladost Tribunj,"Vladimira Nazora bb, 22211, Tribunj",places_textsearch
700,NK Hajduk (B),Čakovec,Međimurska županija,"Športska 2, Čakovec",46.391532,16.4214735,46.391754,16.4214924,0.025,exact,both,ŽNK Međimurje Čakovec,"Športska ul. 2, 40000, Čakovec",places_textsearch
796,NK Dinamo (P),Čakovec,Međimurska županija,"Športska 2, Čakovec",46.391532,16.4214735,46.391754,16.4214924,0.025,exact,both,ŽNK Međimurje Čakovec,"Športska ul. 2, 40000, Čakovec",places_textsearch
825,NK Hajduk (Š),Čakovec,Međimurska županija,"Športska 2, Čakovec",46.391532,16.4214735,46.391754,16.4214924,0.025,exact,both,ŽNK Međimurje Čakovec,"Športska ul. 2, 40000, Čakovec",places_textsearch
158,NK Mladost (R),Karlovac,Karlovačka županija,"Rečica, 47000 Karlovac, Croatia",45.4861925,15.5576687,45.4864044,15.557689599999998,0.024,exact,both,Sportski objekti Karlovac,"Rakovac ulica 1, 47000, Karlovac",places_textsearch
779,NK Sokol (V),Vratišinec,Međimurska županija,"Nk Sokol, Vratišinec",46.4777008,16.4616444,46.4775553,16.461458099999998,0.022,exact,both,NOGOMETNI KLUB SOKOL,"Gmajna ul. bb, 40316, Vratišinec",places_textsearch
416,NK Mladost (NP),Bjelovar,Bjelovarsko-bilogorska županija,"Daruvarska ul. 42, Ždralovi, 43000 Bjelovar",45.8829485,16.8653247,45.8829001,16.865572699999998,0.02,exact,both,NK Mladost Ždralovi,"Daruvarska ul. 42, 43000, Ždralovi",places_textsearch
96,NK Dinamo Predavac,Predavac,,"29. rujna 1, Predavac",45.9389337,16.782004,45.9390445,16.7818284,0.018,exact,both,NK Dinamo Predavac,"Ul. 29. rujan 1, 43211, Predavac",places_textsearch
267,NK Blato,Zagreb,Grad Zagreb,"Karlovačka cesta 195, 10020 Zagreb",45.7593387,15.9121778,45.7594358,15.911991700000002,0.018,exact,both,NK Blato,"Blato, Karlovačka cesta 195 B, 10020, Zagreb",places_textsearch
427,NK Dinamo (D),Bjelovar,Bjelovarsko-bilogorska županija,"Poljana Dr. Franje Tuđmana 5, 43 000 Bjelovar",45.9389337,16.782004,45.9390445,16.7818284,0.018,exact,both,NK Dinamo Predavac,"Ul. 29. rujan 1, 43211, Predavac",places_textsearch
97,NK Dinamo Domašinec,Domašinec,,"Martina Pušteka 17 Domašinec 40 318 Dekanovec, Domašinec",46.4288612,16.5981068,46.428838999999996,16.598309699999998,0.016,exact,both,NK Dinamo Domašinec,"Ul. Martina Pušteka 17, 40318, Domašinec",places_textsearch
555,NK Amater,,Brodsko-posavska županija,"Marina Getaldića 49, 35000 Slavonski Brod",45.1632061,17.9901946,45.163082499999994,17.990085399999998,0.016,exact,both,NK Amater,"Ul. Marina Getaldića bb, 35000, Slavonski Brod",places_textsearch
494,NK Graničar (Z),Zagrađe,Požeško-slavonska županija,"Zagrađe b. b., Zagrađe",45.2432985,17.8101746,45.24317310000001,17.810118100000004,0.015,exact,both,NOGOMETNI KLUB GRANIČAR ZAGRAĐE,"34310, Zagrađe",places_textsearch
503,NK Graničar (B),Zagrađe,Požeško-slavonska županija,"Zagrađe b. b., Zagrađe",45.2432985,17.8101746,45.24317310000001,17.810118100000004,0.015,exact,both,NOGOMETNI KLUB GRANIČAR ZAGRAĐE,"34310, Zagrađe",places_textsearch
663,NK Rudar (S),Mursko Središće,Šibensko-kninska županija,"FRANJE KOROŠA 6B, 40315 MURSKO SREDIŠĆE",46.5143513,16.4450172,46.514460899999996,16.4451157,0.014,exact,both,NK Rudar Mursko Središće,"Ul. Franje Koroša 6/B, 40315, Mursko Središće",places_textsearch
60,NK Neretva Metković,Metković,,"Športska 1, 20350 Metković",43.0517901,17.6460392,43.0518995,17.6460345,0.012,exact,both,NK Neretva Metković,"20350, Metković",places_textsearch
47,NK Sloga Nova Gradiška,Nova Gradiška,,"Psunjska 9a, Nova Gradiška",45.2633885,17.3780567,45.263484399999996,17.3781112,0.011,exact,both,NK Sloga Nova Gradiška,"Ul. Ive Petranovića 6, 35400, Nova Gradiška",places_textsearch
353,NK Viktorija,Vojakovac,Koprivničko-križevačka županija,"Vojakovac 93, 48264 Vojakovački Kloštar",46.0658186,16.594442,46.065759899999996,16.5945512,0.011,exact,both,"NK "" Viktorija"" Vojakovac","48264, Vojakovac",places_textsearch
773,NA Libertas,,Dubrovačko-neretvanska županija,"Alberta Hallera 5, 20000 Dubrovnik",42.6674328,18.1313855,42.667333500000005,18.1314101,0.011,exact,both,Libertas Dubrovnik,"Ogarići ul. 12, 20236, Komolac",places_textsearch
835,NK Oriolik,,,"Ulica Mate Gabrića 11, Oriovac",45.163463,17.7482989,45.163556299999996,17.7483286,0.011,exact,both,NK Oriolik Oriovac,"35250, Oriovac",places_textsearch
44,NK Graničar Županja,Županja,,"Strossmayerova 49, 32270 Županja",45.0764002,18.6924678,45.0763597,18.6925748,0.01,exact,both,NK Graničar Županja,"Ul. Josipa Jurja Strossmayera 49, 32270, Županja",places_textsearch
64,NK Kamen Podbablje,Ivanbegovina,,"IVANBEGOVINA 15A, Ivanbegovina",43.4196973,17.1515022,43.419784199999995,17.1514563,0.01,exact,both,NK Kamen Ivanbegovina,"21262, Ivanbegovina",places_textsearch
82,GŠNK Mladost Petrinja,Petrinja,,"Rokova 13, 44250 Petrinja",45.4308972,16.2719623,45.4308996,16.2720917,0.01,exact,both,GSNK Mladost Petrinja,"Rokova ul. 11, 44250, Petrinja",places_textsearch
259,NK Milengrad 2005,Budinščina,Krapinsko-zagorska županija,"Budinščina bb, 49284 Budinščina",46.1633608,16.1703995,46.1633333,16.1702778,0.01,exact,both,Milengrad,"49284, Grtovec",places_textsearch
453,NK Željezničar (M),Moravice,Primorsko-goranska županija,"Partizanski put 5, 51325 Moravice",45.4217258,15.0160702,45.4217594,15.0161728,0.009,exact,both,NK Željezničar Moravice,"51325, Moravice",places_textsearch
815,NK Graničar (N),,Međimurska županija,"Murska 29, Novakovec",46.4601554,16.5719272,46.4602244,16.5719869,0.009,exact,both,NK Graničar Novakovec,"Drvarium ul. BB, 40318, Novakovec",places_textsearch
742,NK Poljičanin 1921,,Splitsko-dalmatinska županija,"Poljičke kneževine 18, 21292 Srinjine",43.4888233,16.6022552,43.4888483,16.602335,0.007,exact,both,Nk Poljičanin Srinjine,"Poljičke kneževine, 21292, Srinjine",places_textsearch
140,NK Radnik (M),,Sisačko-moslavačka županija,"Žrtava domovinskog rata 35, 44433 Majur",45.2561505,16.5247578,45.256171300000005,16.5248158,0.005,exact,both,ŠNK Radnik Majur,"7G4F+PX, 44430, Majur",places_textsearch
369,NK Bušpan,KOZAREVAC,,"ULICA DRAŽENA HORVATA 1, 48350 KOZAREVAC",45.9350535,17.1198123,45.9350648,17.119875999999998,0.005,exact,both,ŠNK Bušpan Kozarevac,"48362, Kozarevac",places_textsearch
430,NK Ribar (KI),Končanica,Bjelovarsko-bilogorska županija,"Končanica b. b., 43505 Končanica",45.6380638,17.1633818,45.6380774,17.1634282,0.004,exact,both,NK Ribar Končanica,"43505, Končanica",places_textsearch
729,NK Orkan,,Splitsko-dalmatinska županija,"Hrvatske mornarice 2, 21315 Dugi Rat",43.4459402,16.6444256,43.445959699999996,16.6443914,0.004,exact,both,NK Orkan,"21315, Dugi Rat",places_textsearch
792,NK Polet (P),Sv. Martin na Muri,Međimurska županija,"Dunajska 44, 40313 Sv. Martin na Muri",46.5294481,16.3611703,46.5294476,16.3611146,0.004,exact,both,NK Polet Sveti Martin na Muri,"Dunajska ul. 44, 40313, Sveti Martin na Muri",places_textsearch
821,NK Radnički (G),Čakovec,Međimurska županija,"Športska 2, Čakovec",46.391532,16.4214735,46.391498899999995,16.421501199999998,0.004,exact,both,NK Međimurje Čakovec,"Športska ul. 2, 40000, Čakovec",places_textsearch
38,NK NAŠK Našice,Nasice,,"B. Jelačića85, 31500 Brezik",45.4856031,18.090736,45.485626599999996,18.090753499999998,0.003,exact,both,NK NAŠK,"Ul. Petra Preradovića 23, 31500, Našice",places_textsearch
149,NK TŠK - 1932,,Sisačko-moslavačka županija,"Trg hrvatskih dragovoljaca 2, 44202 Topolovac",45.4574911,16.4333716,45.457474399999995,16.4334031,0.003,exact,both,NK TŠK 1932,"Trg Hrvatskih dragovoljaca 2, 44202, Topolovac",places_textsearch
379,NK Ratar,,Koprivničko-križevačka županija,"Miholec, Miholec 146, Miholec",46.0552442,16.4422126,46.0552691,16.4422186,0.003,exact,both,NK Ratar Miholec,"118, 48267, Miholec",places_textsearch
693,NK Lovor,,Vukovarsko-srijemska županija,"B. Jelačića 9, 32245 Nijemci",45.1425726,19.0418728,45.1425894,19.0418973,0.003,exact,both,NK Lovor Nijemci,"A.G.MATOŠA 4, Nijemci, 32245, Nijemci",places_textsearch
738,NK Mosor Žrnovnica,Žrnovnica,Splitsko-dalmatinska županija,"Hrvatskih velikana 36, 21251 Žrnovnica",43.5192619,16.5484443,43.5192377,16.5484561,0.003,exact,both,NK Mosor Žrnovnica,"Ul. Hrvatskih velikana 36, 21251, Žrnovnica",places_textsearch
726,NK Primorac (S),,Splitsko-dalmatinska županija,"Sv. Lovre 8, 21311 Stobreč",43.5042101,16.5266233,43.504222,16.526647099999998,0.002,exact,both,NK Primorac 1929 Stobreč,"Put Svetog Lovre 1945, 21311, Stobreč",places_textsearch
136,ŠNK Frankopan,,Sisačko-moslavačka županija,"Galdovačka 4c, SISAK",45.4762585,16.3877362,45.4762519,16.387735499999998,0.001,exact,both,ŠNK Frankopan,"Galdovačka ul. 4, 44000, Sisak",places_textsearch
171,NK Una - Mladost,Hrvatska Dubica,Sisačko-moslavačka županija,"Petra Zrinskog 36A, Hrvatska Dubica",45.1884056,16.8143308,45.18841270000001,16.8143442,0.001,exact,both,NK Una Mladost Hrvatska Dubica,"Ul. Petra Berislavića 39, 44450, Hrvatska Dubica",places_textsearch
262,NK Concordia,Zagreb,Grad Zagreb,"Aleja hrvatske mladeži 2a, 10040 Zagreb",45.8544313,16.0450862,45.8544214,16.0450944,0.001,exact,both,NK Concordia,"Aleja Hrvatske mladeži 2a, 10000, Zagreb",places_textsearch
1,NK Lokomotiva Zagreb,Zagreb,,"Ulica Radoslava Cimermana 7, 10020, Zagreb, Hrvatska",45.7812991,15.968331200000002,45.7812991,15.968331200000002,0.0,exact,both,NK Lokomotiva,"Ul. Radoslava Cimermana 3, 10000, Zagreb",places_textsearch
4,HNK Vukovar 1991,Osijek,,"Rudolfa Perešina 8, 32 000 Vukovar",45.380262599999995,18.9645692,45.380262599999995,18.9645692,0.0,exact,both,HNK Vukovar 1991,"32000, Vukovar",places_textsearch
12,NK Jarun,Zagreb,,"Ogulinska 23, 10 000 Zagreb",45.792711399999995,15.930865899999999,45.792711399999995,15.930865899999999,0.0,exact,both,NK Jarun,"Ogulinska ul. 23, 10000, Zagreb",places_textsearch
14,NK Hrvace,Split,,"Hrvace bb, Hrvace",43.7687612,16.6300284,43.7687612,16.6300284,0.0,exact,both,NK Hrvace,"Unnamed Road, 21233, Hrvace",places_textsearch
18,NK Rudeš,Zagreb,,"Rudeška cesta 25, 10000 Grad Zagreb",45.8029642,15.9225476,45.8029642,15.9225476,0.0,exact,both,NK Rudeš,"Rudeška cesta 25, 10000, Zagreb",places_textsearch
23,NK Podravac,Sopje,,"Kralja Tomislava 20,Sopje",45.8067527,17.7656898,45.8067527,17.7656898,0.0,exact,both,NOGOMETNI KLUB PODRAVAC SOPJE,"KRALJA TOMISLAVA BB., Sopje, 33525, Sopjanska Greda",places_textsearch
24,NK Papuk Orahovica,Orahovica,,Sjepana Radića 1-33515 Orahovica,45.5246503,17.8753322,45.5246503,17.8753322,0.0,exact,both,NK Papuk Osječko 1664,"Ul. Stjepana Radića 1, 33515, Orahovica",places_textsearch
25,NK Varteks Varaždin,Varaždin,,"Zagrebačka 94, 42000 Varaždin",46.322459599999995,16.291007999999998,46.322459599999995,16.291007999999998,0.0,exact,both,NK Varteks,"Ul. Ruđera Boškovića 11, 42000, Hrašćica",places_textsearch
26,NK Mladost Ždralovi,Ždralovi,,"Daruvarska ul. 42, Ždralovi, 43000 Bjelovar",45.8829001,16.865572699999998,45.8829001,16.865572699999998,0.0,exact,both,NK Mladost Ždralovi,"Daruvarska ul. 42, 43000, Ždralovi",places_textsearch
30,NK Koprivnica,Koprivnica,,"M. P. Miškine 12., 48000 Koprivnica",46.16392,16.8267712,46.16392,16.8267712,0.0,exact,both,Nogometni savez Koprivničko-Križevačke županije,"48000, Koprivnica",places_textsearch
31,NK Rudar Mursko Središće,Mursko Središće,,"Ulica Franje Koroša 6B, Mursko Središće",46.514460899999996,16.4451157,46.514460899999996,16.4451157,0.0,exact,both,NK Rudar Mursko Središće,"Ul. Franje Koroša 6/B, 40315, Mursko Središće",places_textsearch
34,NK Bjelovar,Bjelovar,,"Poljana Dr. Franje Tuđmana 5, 43 000 Bjelovar",45.9069334,16.8541371,45.9069334,16.8541371,0.0,exact,both,NK Bjelovar,"Poljana dr. Franje Tuđmana 5, 43000, Bjelovar",places_textsearch
36,NK Belišće,Osijek,,"Željeznička 20, Belišće",45.684784,18.408198499999997,45.684784,18.408198499999997,0.0,exact,both,NK BELIŠĆE,"Željeznička ul. 20, 31551, Belišće",places_textsearch
40,NK Darda,Darda,,"Ivana Gundulića 29, Darda",45.6224484,18.6862709,45.622448399999996,18.6862709,0.0,exact,both,NK Darda,"Ul. Ivana Gundulića 7, 31326, Darda",places_textsearch
42,NK Omladinac Gornja Vrba,Slavonski Brod,,"Gornja Vrba, Savska bb, Slavonski Brod, Hrvatska",45.1522067,18.0635093,45.1522067,18.0635093,0.0,exact,both,NK Omladinac Gornja Vrba,"Savska, 35207, Gornja Vrba",places_textsearch
43,NK Kutjevo,,,"Bana Josipa Jelačića 2a, Kutjevo",45.417263299999995,17.8805649,45.417263299999995,17.8805649,0.0,exact,both,NK Kutjevo,"Ul. bana Josipa Jelačića 2, 34340, Kutjevo",places_textsearch
48,NK Čepin,,,"NERETVANSKA 10, Čepin",45.5287515,18.563553199999998,45.5287515,18.563553199999998,0.0,exact,both,NK Čepin,"Ul. Grada Vukovara 43, 31431, Čepin",places_textsearch
50,NK Marsonia,Slavonski Brod,,"Ulica Stanka Vraza 2a, 35000 Slavonski Brod",45.1497492,18.0213553,45.1497492,18.0213553,0.0,exact,both,NK Marsonia,"Šetalište Braće Radić 26, 35000, Slavonski Brod",places_textsearch
51,HNK Đakovo Croatia,,,"Matije Gupca 13, Đakovo",45.3019369,18.416615099999998,45.3019369,18.416615099999998,0.0,exact,both,HNK Đakovo Croatia,"Ul. Matije Gupca 13, 31400, Đakovo",places_textsearch
56,NK Jadran Luka Ploče,Ploce,,"Tamunić 46, Kaštel Sućurac",43.047157899999995,17.440613799999998,43.047157899999995,17.440613799999998,0.0,exact,both,NK Jadran LP,"Dalmatinska ul., 20340, Ploče",places_textsearch
61,NK Vodice,Vodice,,"Račice bb, Vodice",43.755849399999995,15.769184099999999,43.755849399999995,15.769184099999999,0.0,exact,both,Nk Nena stadion,"Ul. Blata 7A, 22211, Vodice",places_textsearch
62,NK GOŠK-Dubrovnik 1919,Dubrovnik,,"Kralja Tomislava 2, 20000 Dubrovnik",42.6543661,18.0779506,42.6543661,18.0779506,0.0,exact,both,NK GOŠK - Dubrovnik 1919,"Ul. kralja Tomislava 2, 20000, Dubrovnik",places_textsearch
63,NK Neretvanac Opuzen,Opuzen,,"Trg Opuzenske bojne 6, 20355 Opuzen",43.0160658,17.5614041,43.0160658,17.5614041,0.0,exact,both,NK Neretvanac,"20355, Opuzen",places_textsearch
68,NK OSK Otok,Otok,,"Ulica sv. Luke 8, Otok",43.6901297,16.7283429,43.69012970000001,16.728342899999998,0.0,exact,both,Nogometni klub OSK - Otok,"Ul. Svetog Luke 8, 21238, Otok",places_textsearch
70,NK Trešnjevka,Zagreb,,"Veprinačka 16, 10000 Zagreb",45.795296699999994,15.941814899999997,45.795296699999994,15.941814899999997,0.0,exact,both,NK Trešnjevka,"Veprinačka ul. 16, 10000, Zagreb",places_textsearch
71,NK Bistra,Donja Bistra,,"Sportska 1, 10298 Donja Bistra, Hrvatska",45.9041353,15.858741900000002,45.9041353,15.858741900000002,0.0,exact,both,NK Bistra,"Sportska ul. 1, 10298, Donja Bistra",places_textsearch
72,NK Zagorec Krapina,Krapina,,"Podgora Krapinska bb, 49000 Krapina.",46.1771618,15.8663949,46.1771618,15.8663949,0.0,exact,both,NK Zagorec,"Podgora Krapinska 2B, 49000, Podgora Krapinska",places_textsearch
73,NK Ponikve,Zagreb,Dubrovačko-neretvanska županija,Kozjačka 50 Zagreb 10090 Hrvatska,45.815097900000005,15.8801768,45.815097900000005,15.8801768,0.0,exact,both,NK Ponikve,"Kozjačka ul. 50, 10090, Zagreb",places_textsearch
74,NK Vrapče,Zagreb,,"Aleja grada Bologne 2, 10000 Zagreb",45.8130787,15.8962173,45.8130787,15.8962173,0.0,exact,both,NK Vrapče,"Aleja grada Bolonje 2, 10000, Zagreb",places_textsearch
76,HAŠK Zagreb,,,"Donje Svetice 87, 10000 Zagreb",45.805096299999995,16.0166871,45.805096299999995,16.0166871,0.0,exact,both,NK HAŠK,"Donje Svetice 87, 10000, Zagreb",places_textsearch
79,NK Dugo Selo,Dugo Selo,,"Dugo Selo, Ulica Đure Dubenika 2",45.8086537,16.2311676,45.8086537,16.2311676,0.0,exact,both,NK Dugo Selo,"Sportska Ul. 4, 10370, Dugo Selo",places_textsearch
80,NK Vrbovec,Vrbovec,,"Celine 8, Celine",45.8877223,16.410505399999998,45.8877223,16.410505399999998,0.0,exact,both,NK Vrbovec,"Celine 8, 10340, Vrbovec",places_textsearch
83,NK Maksimir Zagreb,Zagreb,,"Oboj 1, 10000, Zagreb, Croatia",45.8276505,16.0133347,45.8276505,16.0133347,0.0,exact,both,NK Maksimir,"Oboj ul. 1, 10000, Zagreb",places_textsearch
84,NK Ravnice,,,"Fakultetsko dobro 2a, 10000 Zagreb",45.8225318,16.0249077,45.8225318,16.0249077,0.0,exact,both,NK Ravnice,"Fakultetsko dobro 2a, 10000, Zagreb",places_textsearch
85,NK Lukavec,,,"Dolenska ulica 55, Lukavec",45.6983762,15.9867691,45.6983762,15.9867691,0.0,exact,both,NK Lukavec,"Dolenska ulica 55, 10412, Lukavec",places_textsearch
86,NK Kustošija,Zagreb,,"Sokolska 47a, Zagreb",45.808839,15.9261484,45.808839,15.9261484,0.0,exact,both,NK Kustošija,"Sokolska ul. 47a, 10090, Zagreb",places_textsearch
87,NK Uljanik Pula,Pula,,"Ulica Velog Jože 3, 52100 Pula",44.8585656,13.833404199999999,44.8585656,13.833404199999999,0.0,exact,both,NK Uljanik Pula,"Ul. Velog Jože 3, 52100, Pula",places_textsearch
88,NK Solin,Solin,,"Kralja Zvonimira 80A, 21210 Solin",43.537951,16.4934084,43.537951,16.4934084,0.0,exact,both,NK Solin,"21231, Klis",places_textsearch
89,NK Hrvatski Dragovoljac,Zagreb,,"Aleja Pomoraca 25, 10 200 Zagreb",45.771713899999995,15.972638199999999,45.771713899999995,15.972638199999999,0.0,exact,both,NK Hrvatski Dragovoljac,"Aleja pomoraca 25, 10000, Zagreb",places_textsearch
91,HNK Daruvar,,,"Julijev park 12, Daruvar",45.5981513,17.2280604,45.5981513,17.2280604,0.0,exact,both,HNK Daruvar,"Julijev park 12, 43500, Daruvar",places_textsearch
93,NK Nedelišće,Nedelišće,,"Sportska 1, 40305 Nedelišće - HRVATSKA",46.383711999999996,16.391738399999998,46.383711999999996,16.391738399999998,0.0,exact,both,NK Nedelišće,"40305, Nedelišće",places_textsearch
99,NK Slatina,Slatina,,Industrijska 11 a. 33520 Slatina,45.706162899999995,17.6968423,45.706162899999995,17.6968423,0.0,exact,both,NK Slatina,"INDUSTRIJSKA BB, 33520, Slatina",places_textsearch
101,NK Međimurec Dunjkovec-Pretetinec,Nedelišće,,"Pretetinec 67, 40305 Nedelišće, HRVATSKA",46.389088699999995,16.370649099999998,46.389088699999995,16.370649099999998,0.0,exact,both,NOGOMETNI KLUB MEĐIMUREC,"Pretetinec 67, 40305, Pretetinec",places_textsearch
102,NK Valpovka Valpovo,Valpovo,,"Ive Lole Ribara 10, 31550 Valpovo",45.6512708,18.4169926,45.6512708,18.4169926,0.0,exact,both,NK Valpovka Valpovo,"Ul. Ive Lole Ribara 10, 31550, Valpovo",places_textsearch
107,NK Svačić Stari Slatinik,,,"Hrvatskih Branitelja 266, 35253 Stari Slatinik",45.174621099999996,17.8524593,45.174621099999996,17.8524593,0.0,exact,both,NK Svačić- nogometni klub i stadion Dubovka Stari slatinik,"Hrvatske mladeži 9, 35253, Stari Slatinik",places_textsearch
109,NK Vardarac,Vardarac,,"Ulica Šandora Petefija 92, Vardarac",45.6312341,18.766991,45.6312341,18.766991,0.0,exact,both,NK Vardarac,"31327, Vardarac",places_textsearch
110,NK Halubjan Viškovo,Viškovo,,Brnasi 1,45.3812819,14.3772956,45.3812819,14.3772956,0.0,exact,both,NK Halubjan,"Brnasi, 51216, Viškovo",places_textsearch
111,NK Buje,Buje,,Sportsko rekreacijska zona PP 21 52 460 Buje,45.4116146,13.6652699,45.4116146,13.6652699,0.0,exact,both,Nogometni klub Buje,"52460, Buje",places_textsearch
112,NK Vinodol,Novi Vinodolski,,"Bahalin 1, 51250 Novi Vinodolski",45.133787899999994,14.7860403,45.133787899999994,14.7860403,0.0,exact,both,NK VINODOL,"Nova Krasa 88, 51250, Novi Vinodolski",places_textsearch
113,NK Krk,krk,,"Slavka Nikolića 25 b, 51500 Krk",45.0275701,14.5648241,45.0275701,14.5648241,0.0,exact,both,NK Krk,"Ul. Slavka Nikolića 25B, 51500, Krk",places_textsearch
115,NK Lokomotiva Rijeka,,,"Omladinska 8, Rijeka",45.3321602,14.437511699999998,45.3321602,14.437511699999998,0.0,exact,both,NK Lokomotiva Rijeka,"Omladinsko igralište, Omladinska ul., 51000, Rijeka",places_textsearch
117,NK Naprijed Hreljin,Hreljin,,"Hreljin 119, 51226 Hreljin",45.2863244,14.5904416,45.2863244,14.5904416,0.0,exact,both,NK Naprijed,"Lonja bb, 51226, Hreljin",places_textsearch
119,NK Nehaj Senj,Senj,,"S.S.KRANJČEVIĆA 3A, 53270 Senj",44.988518,14.905597799999997,44.988518,14.905597799999997,0.0,exact,both,NK Nehaj,"Stara cesta 20, 53270, Senj",places_textsearch
121,NK Jadran Poreč,Porec,,"7300-7398 Colonial Rd, Brooklyn, NY 11209, USA",45.223839999999996,13.6041755,45.223839999999996,13.6041755,0.0,exact,both,NK Jadran Poreč,"Ul. Karla Huguesa 8, 52440, Poreč",places_textsearch
122,NK Kraljevica,Kraljevica,,Vladimira Nazora 1/a 51262 Kraljevica,45.272441099999995,14.562226200000001,45.272441099999995,14.562226200000001,0.0,exact,both,NK Kraljevica,"Šetalište Vladimira Nazora 1/A, 51262, Kraljevica",places_textsearch
124,NK Rudar Labin,Labin,,"Zelenice 46, Labin 52220",45.096319099999995,14.118747599999999,45.096319099999995,14.118747599999999,0.0,exact,both,NK Rudar Labin,"Zelenice ul. 46, 52220, Labin",places_textsearch
126,NK Inker Zaprešić,Zaprešić,,"Trg žrtava fašizma 5, 10290 Zaprešić",45.8647764,15.8006056,45.8647764,15.8006056,0.0,exact,both,NK Inker Zaprešić,"Ul. Vladimira Novaka 23, 10290, Zaprešić",places_textsearch
127,GNK Tigar Sveta Nedelja,Sveta Nedelja,,"Franje Gredelja 4, 10431 Brezje",45.792601499999996,15.782546000000002,45.792601499999996,15.782546000000002,0.0,exact,both,GNK Tigar Sveta Nedelja,"Ul. Franje Gredelja 4, 10431, Brezje",places_textsearch
128,NK Samobor,Samobor,,"Ul. Andrije Hebranga 43, 10430",45.810522299999995,15.710506199999998,45.810522299999995,15.710506199999998,0.0,exact,both,NK Samobor,"Ul. Andrije Hebranga 43, 10430, Samobor",places_textsearch
129,NK Dinamo Odranski Obrež,,,"Krčevine 1, Odranski Obrež, 10020 Zagreb",45.7049484,15.935162499999999,45.7049484,15.935162499999999,0.0,exact,both,NK Dinamo Odranski Obrež,"Krčevine, 10020, Strmec",places_textsearch
130,NK Prečko,Zagreb,,"Dekanići 4, 10000 Zagreb",45.794642499999995,15.9072783,45.794642499999995,15.9072783,0.0,exact,both,NK Prečko,"Petrovaradinska ul, 10000, Zagreb",places_textsearch
133,NK Omiš,Omis,,"Četvrt Omiške bojne 2, 21310 Omiš",43.4417427,16.6839541,43.4417427,16.683954099999998,0.0,exact,both,NK Omiš,"Četvrt Omiške Bojne 2, 21310, Omiš",places_textsearch
137,NK Borac,Bakar,Koprivničko-križevačka županija,"Primorje 39, 51222 Bakar, Hrvatska/Croatia",45.306381699999996,14.545684200000002,45.306381699999996,14.545684200000002,0.0,exact,both,NK Borac Bakar,"Senjska ul. 168, 51222, Bakar",places_textsearch
141,NK Voloder,,Sisačko-moslavačka županija,"Vezmarova 85, Voloder",45.543609499999995,16.6681641,45.543609499999995,16.6681641,0.0,exact,both,"Stadion ""Šumerak"" - NK Voloder","Mate Vezmara bb, 44318, Voloder",places_textsearch
151,NK Šartovac,,Sisačko-moslavačka županija,"Risovac 2, Brinjani",45.5209988,16.805687,45.5209988,16.805687,0.0,exact,both,ŠNK Šartovac,"Unnamed Road, 44320, Šartovac",places_textsearch
152,NK Poljana,Poljana,Sisačko-moslavačka županija,"Kolodvorska 20 C, Poljana, 34543 Poljana",45.4626034,16.982788499999998,45.4626034,16.982788499999998,0.0,exact,both,Nk Poljana,"34543, Poljana, Hrvatska",places_textsearch
154,NK Garić (I),Garešnica,Sisačko-moslavačka županija,"Petra Svačića 11f,43280 Garešnica",45.5726747,16.9363445,45.5726747,16.9363445,0.0,exact,both,NK Garić Garešnica,"Ul. Petra Svačića 11F, 43280, Garešnica",places_textsearch
161,NK Naftaplin,Stružec,Sisačko-moslavačka županija,"Stružec, Gornje selo 98, Stružec",45.533653799999996,16.5662147,45.533653799999996,16.5662147,0.0,exact,both,NK Naftaplin Stružec,"Ul. Gornje Selo 1, 44317, Stružec",places_textsearch
162,NK Sloga (P),Vukovar,Vukovarsko-srijemska županija,"Sajmište b. b., Vukovar",45.3421348,19.00129,45.3421348,19.00129,0.0,exact,both,NK Vuteks-Sloga,"Sajmište ul. 22A, 32000, Vukovar",places_textsearch
165,NK Češko Selo,PETRINJA,Sisačko-moslavačka županija,DR. ANDRIJE PETRAČIĆA 162-44250 PETRINJA-Hrvatska,45.440605999999995,16.3294796,45.440605999999995,16.3294796,0.0,exact,both,ŠNK Češko Selo,"Ulica Andrije Petračića odvojak 1. Lijevi, 44250, Gradska četvrt Petrinja IV. Češko selo, Petrinja",places_textsearch
166,NK Hajduk Sela,,Sisačko-moslavačka županija,"Gredska ulica 2, Sela",45.511185,16.290195999999998,45.511185,16.290195999999998,0.0,exact,both,ŠNK Hajduk Sela,"Sportska 16, 44273, Sela",places_textsearch
169,NK Pešćenica,Pešćenica,Sisačko-moslavačka županija,"Zagrebačka 91, 44272 Pešćenica",45.6014638,16.1740137,45.6014638,16.1740137,0.0,exact,both,NK Pešćenica,"44272, Pešćenica",places_textsearch
170,NK Petrovec,,Sisačko-moslavačka županija,Petrovec44,45.5080497,16.268290699999998,45.5080497,16.268290699999998,0.0,exact,both,HNK Petrovec,"44272, Petrovec",places_textsearch
174,NK Posavina (P),Preloščica,Sisačko-moslavačka županija,"Preloščica 30 44202 Topolovac, 44202 Preloščica",45.4393785,16.4610788,45.4393785,16.4610788,0.0,exact,both,NK Posavina Prelošćica,"44202, Prelošćica",places_textsearch
179,NK Sava,Svilaj,Sisačko-moslavačka županija,"Svilaj 55a, 35213 Svilaj",45.122265999999996,18.2925947,45.122265999999996,18.2925947,0.0,exact,both,NOGOMETNI KLUB SAVA SVILAJ,"Svilaj 55-A, 35215, Svilaj",places_textsearch
184,ŠNK Stari Grad,NOVSKA,Sisačko-moslavačka županija,KRALJEVA VELIKA-44330NOVSKA-Croatia,45.322882199999995,16.9965924,45.322882199999995,16.9965924,0.0,exact,both,SNK Nacional Stari Grabovac,"44330, Stari Grabovac",places_textsearch
185,NK Kloštar,Kloštar Ivanić,Zagrebačka županija,"Zagrebačka 43, 10310, Kloštar Ivanić, Hrvatska",45.7392599,16.4095543,45.7392599,16.4095543,0.0,exact,both,NK Kloštar Ivanić,"10312, Kloštar Ivanić",places_textsearch
186,NK Sutla - Laduč,Ključ Brdovečki,Zagrebačka županija,"Četrnje 5, 10292, Ključ Brdovečki, Hrvatska",45.8871636,15.6903678,45.8871636,15.6903678,0.0,exact,both,NK Sutla-Laduč,"Zagrebačka ul. 77, 10292, Šenkovec",places_textsearch
192,NK Turopoljac,Kuče,Zagrebačka županija,"Petrova 11, 10410, Kuče, Hrvatska",45.6746586,16.1358007,45.6746586,16.1358007,0.0,exact,both,NK Turopoljac,"Petrova ul. 21, 10419, Kuče",places_textsearch
193,NK Lomnica,Donja Lomnica,Zagrebačka županija,"Športski trg 1, 10410, Donja Lomnica, Hrvatska",45.7064454,16.016952200000002,45.7064454,16.016952200000002,0.0,exact,both,NK Lomnica - Makuna,"Športska ul. 1, 10412, Donja Lomnica",places_textsearch
196,NK Sloga Križ,Križ,Zagrebačka županija,"Zdeneka Tomičeka 2, 10314, Križ, Hrvatska",45.6624276,16.5245864,45.6624276,16.5245864,0.0,exact,both,NK Sloga Križ,"Tomičeka Zdenka 2, 10314, Križ",places_textsearch
200,NK Strmec,,Zagrebačka županija,"Bedenica 55, 10381 Bedenica",45.820295900000005,15.7962527,45.820295900000005,15.7962527,0.0,exact,both,NK Sava Strmec,"Trg Lazina 1A, 10434, Strmec",places_textsearch
202,NK Vrh,Kraljev Vrh,Zagrebačka županija,"Turistička cesta b. b., 10297 Kraljev Vrh",45.937289899999996,15.901262899999999,45.937289899999996,15.901262899999999,0.0,exact,both,Nogometni klub Vrh,"10297, Kraljev Vrh",places_textsearch
206,NK Donja Kupčina,Donja Kupčina,,"Donja Kupčina 197, Pisarovina, 10451 Donja Kupčina",45.541229099999995,15.8064156,45.541229099999995,15.8064156,0.0,exact,both,NK Donja Kupčina,"Donja Kupčina 197, 10451, Donja Kupčina",places_textsearch
207,NK BSK Brdovec,Brdovec,Zagrebačka županija,"Ulica Pavla Beluhana 2, 10291, Brdovec, Hrvatska",45.867396299999996,15.767876699999999,45.867396299999996,15.767876699999999,0.0,exact,both,NK BSK BRDOVEC,"Ul. Pavla Beluhana 2A, 10291, Brdovec",places_textsearch
208,NK Krašić,,Zagrebačka županija,"Krašić 115G, Krašić",45.6557396,15.524481699999999,45.6557396,15.524481699999999,0.0,exact,both,NK Krašić,"10454, Krašić",places_textsearch
209,NK Kupinec,Kupinec,,"Kupinec 1B, Jastrebarsko, 10450 Kupinec",45.6483846,15.805182499999999,45.6483846,15.805182499999999,0.0,exact,both,Nogometni klub Kupinec,"Kupinec 126, 10450, Kupinec",places_textsearch
210,NK Sloga - Suza,OREŠJE,Zagrebačka županija,"Savska ulica 50, 10431, OREŠJE, Hrvatska",45.8192956,15.8113841,45.8192956,15.8113841,0.0,exact,both,NK Sloga Orešje,"10434, Orešje",places_textsearch
212,NK Zdenčina,Donja Zdenčina,,"V. Nazorova 41, 10450 Donja Zdenčina",45.6760002,15.7457554,45.6760002,15.7457554,0.0,exact,both,NK Zdenčina,"Ul. Vladimira Nazora 41, 10450, Klinča Sela",places_textsearch
216,NK Zvekovac,Zvekovac,Zagrebačka županija,"Zvekovac 84B, 10342, Zvekovac, Hrvatska",45.819509,16.4986753,45.819509,16.4986753,0.0,exact,both,NK Zvekovac,"Zvekovac 84B, 10342, Zvekovac",places_textsearch
217,NK Brcko,Brckovljani,,"Sportska ulica 4, Dugo Selo",45.8235898,16.2841681,45.8235898,16.2841681,0.0,exact,both,NK Brcko,"10370, Božjakovina",places_textsearch
218,NK Donja Zelina,Donja Zelina,,"Donja Zelina, 10382 Donja Zelina",45.9646568,16.252758,45.9646568,16.252758,0.0,exact,both,NK Zelina,"Ul. Vladimira Nazora 62, 10380, Sveti Ivan Zelina",places_textsearch
222,NK Ostrna,Velika Ostrna,Zagrebačka županija,"Čulinečka ulica 2, 10370, Velika Ostrna, Hrvatska",45.787316399999995,16.2833352,45.787316399999995,16.2833352,0.0,exact,both,NK Ostrna,"Medvenjak ul. 175, 10370, Velika Ostrna",places_textsearch
224,NK Mladost (O),Bjelovar,,"Daruvarska ul. 42, Ždralovi, 43000 Bjelovar",45.8829001,16.865572699999998,45.8829001,16.865572699999998,0.0,exact,both,NK Mladost Ždralovi,"Daruvarska ul. 42, 43000, Ždralovi",places_textsearch
227,NK Pušća,Pušća,Zagrebačka županija,"Kumrovečka cesta 107, Donja Pušća",45.9170255,15.7746095,45.9170255,15.7746095,0.0,exact,both,NK Pušća,"Kumrovečka cesta 109, 10294, Donja Pušća",places_textsearch
228,NK Pribić,Pribić,,"Pribić Crkveni 25A, Krašić, 10454 Pribić",45.6771171,15.521017899999999,45.6771171,15.521017899999999,0.0,exact,both,NK Pribić,"10454, Pribić Crkveni",places_textsearch
230,NK Velika Mlaka 1947,Velika Mlaka,Zagrebačka županija,"Velikomlačka ulica 12A, 10408 Velika Mlaka",45.7387496,16.022947,45.7387496,16.022947,0.0,exact,both,NK Velika Mlaka 1947,"Smendrovićeva ul. 5, 10408, Velika Mlaka",places_textsearch
231,NK Graničar Tučenik,,,"Ulica Klakar 26a, Klakar",45.9366871,16.5327761,45.9366871,16.5327761,0.0,exact,both,Nk GraničarTučenik,"Tučenik, 10345, Tučenik",places_textsearch
234,NK Jamnica,Pisarovina,Zagrebačka županija,"Trg Stjepana Radića 13, 10451, Pisarovina, Hrvatska",45.5855709,15.860968999999999,45.5855709,15.860968999999999,0.0,exact,both,NK Jamnica,"Trg Stjepana Radića 13, 10451, Pisarovina",places_textsearch
235,NK Mladost Obrezina,Obrezina,Zagrebačka županija,"Obrezina b. b., 10410 Velika Gorica, 10410 Obrezina",45.766249200000004,16.1116252,45.766249200000004,16.1116252,0.0,exact,both,NK Mladost Obrezina,"Obrezina 1g, 10410, Obrezina",places_textsearch
236,NK Turopolje,,,"Kolodvorska, Turopolje",45.648159299999996,16.1323138,45.648159299999996,16.1323138,0.0,exact,both,NK Turopolje,"Kolodvorska ul. bb, 10417, Turopolje",places_textsearch
240,NK Stubica,Donja Stubica,Krapinsko-zagorska županija,"Park M. Vrhovca bb, 49240 DONJA STUBICA",45.981536999999996,15.966043999999998,45.981536999999996,15.966043999999998,0.0,exact,both,NK Stubica,"Park M. Vrhovca bb, 49240, Donja Stubica",places_textsearch
246,NK Straža,,,"Hum na Sutli 175 Hum na Sutli, 49231 Hum Na Sutli",46.2104559,15.680712600000001,46.2104559,15.680712600000001,0.0,exact,both,NK STRAŽA HUM NA SUTLI,"49231, Mali Tabor",places_textsearch
247,NK Inkop,Poznanovec,Krapinsko-zagorska županija,"A.Člekovića 4/A, 49222 Poznanovec",46.0553932,16.0427417,46.0553932,16.0427417,0.0,exact,both,Nogometno Igraliste Inkop,"Ul. Alojza Člekovića 4A, 49222, Poznanovec",places_textsearch
256,NK Lobor,Lobor,Krapinsko-zagorska županija,"Trg svete Ane 30, 49253 Lobor",46.162476999999996,16.061837399999998,46.162476999999996,16.061837399999998,0.0,exact,both,NK Lobor,"49253, Lobor",places_textsearch
258,NK Omladinac Dubrovčan,Veliko Trgovišće,Krapinsko-zagorska županija,Dubrovčan-49214VELIKO TRGOVIŠĆE-Hrvatska,46.036332599999994,15.8253899,46.036332599999994,15.8253899,0.0,exact,both,NK Omladinac Dubrovčan,"Dubrovčan 21D, 49215, Dubrovčan",places_textsearch
264,NK Prigorje (M),,Grad Zagreb,"Markuševečka c. 160, Zagreb",45.8737444,16.0138791,45.8737444,16.0138791,0.0,exact,both,NK Prigorje Markuševec,"Markuševečka cesta 160, 10000, Zagreb",places_textsearch
265,NK Prigorje (Ž),,Grad Zagreb,"Omladinska ulica 4, Žerjavinec",45.8737444,16.0138791,45.8737444,16.0138791,0.0,exact,both,NK Prigorje Markuševec,"Markuševečka cesta 160, 10000, Zagreb",places_textsearch
266,NK ZET,,Grad Zagreb,"Ozaljska 105, 10000 Zagreb",45.7943558,16.0137662,45.7943558,16.0137662,0.0,exact,both,NK ZET,"Ul. Savica I 3, 10000, Zagreb",places_textsearch
269,NK Nur,,Grad Zagreb,"Frana Krste Frankopana br. 4, 10 000 Zagreb",45.7924103,16.012040499999998,45.7924103,16.012040499999998,0.0,exact,both,NK NUR,"Frana Krste Frankopana br. 4, 10000, Zagreb",places_textsearch
270,NK Šparta (Z),,Grad Zagreb,"Klanječka 37a, 10000 Zagreb",45.805234899999995,15.935859700000002,45.805234899999995,15.935859700000002,0.0,exact,both,NK Šparta Zagreb,"Klanječka ul. 37a, 10000, Zagreb",places_textsearch
271,NK Botinec,Zagreb,Grad Zagreb,"Lesičine b. b., 10020 Zagreb",45.7537844,15.930800699999997,45.7537844,15.930800699999997,0.0,exact,both,NK Botinec,"Lesičine ul., 10000, Zagreb",places_textsearch
275,NK Mala Mlaka,,Grad Zagreb,"Igrališna b. b.,, 10020 Zagreb",45.7221802,15.971935799999999,45.7221802,15.971935799999999,0.0,exact,both,NK Mala Mlaka,"Igrališna ul. 82, 10020, Mala Mlaka",places_textsearch
276,NK Zagreb 041,Zagreb,Grad Zagreb,"Kombolova ulica 13, 10000 Zagreb",45.753620399999996,15.930830599999998,45.753620399999996,15.930830599999998,0.0,exact,both,NK Zagreb 041,"Lesičine ul., 10000, Zagreb",places_textsearch
277,NK Podsused,,Grad Zagreb,"Kupališni put 1, 10090 Zagreb",45.8162883,15.832206800000002,45.8162883,15.832206800000002,0.0,exact,both,NK Podsused,"10090, Podsused - Vrapče, Zagreb",places_textsearch
283,NK Kašina,Kašina,Grad Zagreb,"Cesta Ivana Mažuranića 36, 10362, Kašina",45.908893299999995,16.1239466,45.908893299999995,16.1239466,0.0,exact,both,Nk Kašina,"Cesta Ivana Mažuranića 36, 10362, Kašina",places_textsearch
284,NK Sloga Zagreb,,Grad Zagreb,"Klanječka ulica 37a, Zagreb",45.80530410000001,15.9358577,45.80530410000001,15.9358577,0.0,exact,both,NK Sloga Gredelj Zagreb,"Klanječka ul. 37A, 10000, Zagreb",places_textsearch
286,NK Croatia 98,,Grad Zagreb,"Držićeva 102, 10000 Zagreb",45.7879642,16.0014337,45.7879642,16.0014337,0.0,exact,both,NK Croatia 98,"Avenija Marina Držića 102, 10000, Zagreb",places_textsearch
289,NK Croatia '78,Žakanje,Karlovačka županija,"Žakanje 58 B, 47276 Žakanje",45.616343199999996,15.3259579,45.616343199999996,15.3259579,0.0,exact,both,"Stadion Nk Croatia 78 ,,Ognjena Zemlja""","59A, 47000, Žakanje",places_textsearch
293,NK Dobra (N),Zagradci,Karlovačka županija,"Zagradci 94, 47250 Zagradci, Netretić",45.4786052,15.449916900000002,45.4786052,15.449916900000002,0.0,exact,both,NK Dobra Novigrad na Dobri,"94, Zagradci",places_textsearch
295,NK Slunj,,,"Ulica Plitvička 43a, Slunj",45.1078772,15.5872188,45.1078772,15.5872188,0.0,exact,both,NK Slunj,"47240, Slunj",places_textsearch
296,NK Vrlovka,Kamanje,Karlovačka županija,"Kamanje 1 D, 47282 Kamanje",45.647298,15.412038400000002,45.647298,15.412038400000002,0.0,exact,both,NK Vrlovka,"47282, Kamanje",places_textsearch
297,NK Dobra (SP),Zagradci,Karlovačka županija,"Zagradci 94, 47250 Zagradci, Netretić",45.4786052,15.449916900000002,45.4786052,15.449916900000002,0.0,exact,both,NK Dobra Novigrad na Dobri,"94, Zagradci",places_textsearch
298,NK Petrova gora,Vojnić,Karlovačka županija,"Krešimirova 14c, 47220 Vojnić",45.326597,15.691141299999998,45.326597,15.691141299999998,0.0,exact,both,NK Petrova Gora,"47220, Vojnić",places_textsearch
301,NK Kupa (DM),Donje Mekušje,Karlovačka županija,"Donje Mekušje 36/F, 47000 Karlovac Donje Mekušje",45.495195599999995,15.596313199999999,45.495195599999995,15.596313199999999,0.0,exact,both,Nk Kupa Donje Mekušje,"36F, 47000, Donje Mekušje",places_textsearch
302,NK Oštarije,OŠTARIJE,Karlovačka županija,"BELAJ 189, 47300 OŠTARIJE",45.2333157,15.284710500000001,45.2333157,15.284710500000001,0.0,exact,both,NK Oštarije,"Belaj 189, 47302, Oštarije",places_textsearch
304,NK Mrežnica,Zvečaj,Karlovačka županija,"Zvečaj 21, Zvečaj",45.39456920000001,15.434812699999998,45.39456920000001,15.434812699999998,0.0,exact,both,NK Mrežnica Zvečaj,"47261, Zvečaj",places_textsearch
307,NK Cetingrad,,Karlovačka županija,"Plitvička bb, Cetingrad",45.156814999999995,15.735103399999998,45.156814999999995,15.735103399999998,0.0,exact,both,NK Cetingrad,"Ul. Plitvička 11, 47240, Cetingrad",places_textsearch
308,NK Draganić,,Karlovačka županija,"Draganići 6, Draganić",45.5944655,15.5975101,45.5944655,15.5975101,0.0,exact,both,NK Draganić,"D1 32, 47201, Draganić",places_textsearch
317,NK Lepoglava,Lepoglava,Varaždinska županija,"Varaždinska 1, 42250 Lepoglava",46.2115286,16.037301499999998,46.2115286,16.037301499999998,0.0,exact,both,NK Lepoglava,"Varaždinska ul., 42250, Lepoglava",places_textsearch
318,ŠNK Lunjkovec,Lunjkovec,Varaždinska županija,"Lunjkovec 9f, 42231 Mali Bukovec",46.2487874,16.7272324,46.2487874,16.7272324,0.0,exact,both,Šnk Lunjkovec,"Lunjkovec 9F, 42231, Lunjkovec",places_textsearch
320,ŠNK Poljanec,Ludbreg,Varaždinska županija,"Varaždinska 185, Poljanec, 42230 Ludbreg",46.261771700000004,16.5832622,46.261771700000004,16.5832622,0.0,exact,both,Nogometni klub Poljanec,"Varaždinska ul. 185, 42230, Poljanec",places_textsearch
321,ŠNK Bukovčan 27,Mali Bukovec,Varaždinska županija,"Pavleka Miškine 2, 42231 Mali Bukovec",46.2812128,16.7359902,46.2812128,16.7359902,0.0,exact,both,Nogometno igralište NK Bukovčan '27,"Ul. Mihovila Pavleka Miškine 2C, 42231, Mali Bukovec",places_textsearch
322,NK Orač,Petrijanec,Varaždinska županija,"Sportska ulica 16, 42206 Petrijanec",46.3457195,16.2361635,46.3457195,16.2361635,0.0,exact,both,Nogometni klub Orač Petrijanec,"Sportska ul. 16, 42208, Petrijanec",places_textsearch
328,NK Bukovčan,Mali Bukovec,Varaždinska županija,"Pavleka Miškine 2, 42231 Mali Bukovec",46.2815136,16.7367167,46.2815136,16.7367167,0.0,exact,both,Nogometni klub Bukovčan 27,"Ul. Mihovila Pavleka Miškine 3-5, 42231, Mali Bukovec",places_textsearch
329,ŠNK Mladost (SP),Varaždinske Toplice,Varaždinska županija,"Josipa Čabrijana 2/1, Varaždinske Toplice",46.211782299999996,16.4283522,46.211782299999996,16.4283522,0.0,exact,both,NK Mladost Varaždinske Toplice,"Ul. Josipa Čabrijana 2/1, 42223, Varaždinske Toplice",places_textsearch
330,NK Ajax,Komarnica Ludbreška,Varaždinska županija,"Komarnica L. 60, 42233, Sv. Đurđ, 42233 Komarnica Ludbreška",46.2898894,16.5829467,46.2898894,16.5829467,0.0,exact,both,"Nogometni klub ""Ajax""Luka Komarnica","42233, Luka Ludbreška",places_textsearch
331,NK Tehničar,Cvetkovec,,"Trg sv. Trojstva b. b., Cvetkovec Rasinja, 48312 Cvetkovec",46.2045106,16.700485399999998,46.2045106,16.700485399999998,0.0,exact,both,NK Tehničar Cvetkovec,"Varaždinska cesta 1, 48312, Cvetkovec",places_textsearch
333,NK Tomislav (Đ),Berek,Bjelovarsko-bilogorska županija,Berek-43232BEREK-Hrvatska,45.7418725,16.8316143,45.7418725,16.8316143,0.0,exact,both,NK Tomislav Berek,"73A, 43000, Berek",places_textsearch
336,NK Miklinovec,Koprivnica,Koprivničko-križevačka županija,"Ulica Miklinovec 50H, 48000, Koprivnica, Hrvatska",46.1563513,16.844133,46.1563513,16.844133,0.0,exact,both,NK Miklinovec,"MIKLINOVEC BB, Koprivnica, 48000, Koprivnica",places_textsearch
337,NK Kalinovac,,Koprivničko-križevačka županija,"Mate Kaića 5A, Kalinovac",46.0243859,17.1208057,46.0243859,17.1208057,0.0,exact,both,NK Kalinovac,"Ul. Mate Kaića 11, 48350, Kalinovac",places_textsearch
342,NK Sloga,Koprivnički Ivanec,Koprivničko-križevačka županija,"Matije Gupca 45a, 48312 Koprivnički Ivanec",46.202650299999995,16.8122635,46.202650299999995,16.8122635,0.0,exact,both,NK Sloga Koprivnički Ivanec,"48314, Koprivnički Ivanec",places_textsearch
343,NK Močile,Koprivnica,Koprivničko-križevačka županija,"Varaždinska cesta 177/a, 48000 Koprivnica",46.1783697,16.7903801,46.1783697,16.7903801,0.0,exact,both,NK Močile,"Varaždinska cesta 117a, 48000, Koprivnica",places_textsearch
344,NK Starigrad,Starigrad,Koprivničko-križevačka županija,"Krešimirova ulica 35a, Starigrad",46.1410238,16.8150978,46.1410238,16.8150978,0.0,exact,both,NK Starigrad,"NK Starigrad, Ul. Mire Bano, 48000, Starigrad",places_textsearch
347,NK Panonija,Peteranec,Koprivničko-križevačka županija,"Matije Gupca 13a, Peteranec",46.191746699999996,16.885257799999998,46.191746699999996,16.885257799999998,0.0,exact,both,"NK ""Panonija"" Peteranec","5VRP+M4, 48321, Peteranec",places_textsearch
351,NK Rudar (G),Mursko Središće,Koprivničko-križevačka županija,"Mursko Središće, Šuderka",46.514460899999996,16.4451157,46.514460899999996,16.4451157,0.0,exact,both,NK Rudar Mursko Središće,"Ul. Franje Koroša 6/B, 40315, Mursko Središće",places_textsearch
355,NK Graničar (NV),,,"Stjepana Radića 6, Žlebina",45.0763597,18.6925748,45.0763597,18.6925748,0.0,exact,both,NK Graničar Županja,"Ul. Josipa Jurja Strossmayera 49, 32270, Županja",places_textsearch
358,NK Sabarija,,,"Kolodvorska 18, 48311 Subotica Podravska",46.1919333,16.7509324,46.1919333,16.7509324,0.0,exact,both,"NK 'Sabarija"" Subotica","48311, Subotica Podravska",places_textsearch
359,NK Sokol,Milanovac,,"Vinogradski put 1,odvojak 6,Milanovac",45.8053569,17.3876533,45.8053569,17.3876533,0.0,exact,both,NK Sokol Milanovac,"30. svibnja 29, 33000, Milanovac",places_textsearch
361,NK Jedinstvo,Pustakovec,,"Pustakovec 68, 48314 Pustakovec",46.4265244,16.3275979,46.4265244,16.3275979,0.0,exact,both,NK Jedinstvo,"Gornji Mihaljevec 5A, 40306, Gornji Mihaljevec",places_textsearch
362,NK Prigorje,Zagreb,,"Markuševečka cesta 160/1, 10040, Zagreb",45.8737444,16.0138791,45.8737444,16.0138791,0.0,exact,both,NK Prigorje Markuševec,"Markuševečka cesta 160, 10000, Zagreb",places_textsearch
363,NK Rudar (B),Mursko Središće,,"Ul. Franje Koroša 6B, 40315, Mursko Središće",46.514460899999996,16.4451157,46.514460899999996,16.4451157,0.0,exact,both,NK Rudar Mursko Središće,"Ul. Franje Koroša 6/B, 40315, Mursko Središće",places_textsearch
366,NK Mladost Veliki Raven,Križevci,Koprivničko-križevačka županija,"Veliki Raven 5a, 48260 Križevci",45.9928617,16.4797768,45.9928617,16.4797768,0.0,exact,both,NK Mladost Veliki Raven,"5A, 48260, Veliki Raven",places_textsearch
367,NK Polet,Sv. Martin na Muri,,"Dunajska 44, 40313 Sv. Martin na Muri",46.5294476,16.3611146,46.5294476,16.3611146,0.0,exact,both,NK Polet Sveti Martin na Muri,"Dunajska ul. 44, 40313, Sveti Martin na Muri",places_textsearch
373,NK Fugaplast,Gola,Koprivničko-križevačka županija,"Dravna bb, 48 331 G O L A",46.187774,17.0563836,46.187774,17.0563836,0.0,exact,both,Nk-Fugaplast,"Dravska, 48331, Gola",places_textsearch
374,NK Čvrstec,SVETI IVAN ŽABNO,Koprivničko-križevačka županija,Purga 41-48214SVETI IVAN ŽABNO-Croatia,46.0023519,16.666389499999998,46.0023519,16.666389499999998,0.0,exact,both,NK Čvrstec,"PURGA 41, Sveti Petar Čvrstec, 48214, Sveti Petar Čvrstec",places_textsearch
377,NK Zagorec,Krapina,,"ŠRC Podgora, Podgora Krapinska, Ulica 103. brigade Hrvatske vojske 1, 49000 Krapina",46.1771618,15.8663949,46.1771618,15.8663949,0.0,exact,both,NK Zagorec,"Podgora Krapinska 2B, 49000, Podgora Krapinska",places_textsearch
382,NK Čazma,,,"Omladinska 1a, Čazma",45.752798299999995,16.611076999999998,45.752798299999995,16.611076999999998,0.0,exact,both,NK Čazma,"Omladinska ul. 1A, 43240, Čazma",places_textsearch
385,NK Brestovac,,Bjelovarsko-bilogorska županija,"Radnička ulica 1b, Garešnički Brestovac",45.6218992,17.1268019,45.6218992,17.1268019,0.0,exact,both,"NK ""Mladost"" Daruvarski Brestovac","43505, Daruvarski Brestovac",places_textsearch
388,NK Rovišće,,Bjelovarsko-bilogorska županija,"Bjelovarska ulica 35, Rovišće",45.94173430000001,16.738828599999998,45.94173430000001,16.738828599999998,0.0,exact,both,HNK Rovišće,"Bjelovarska ul. 35, 43212, Rovišće",places_textsearch
391,NK Trnski,Nova Rača,Bjelovarsko-bilogorska županija,"Trg S. Radića 56, 43272 Nova Rača",45.800857199999996,16.9622797,45.800857199999996,16.9622797,0.0,exact,both,NK Trnski,"Ul. dr. Mateja Piškorića 23, 43272, Nova Rača",places_textsearch
392,NK Sloga (B),Vukovar,Vukovarsko-srijemska županija,"Sajmište b. b., Vukovar",45.3421348,19.00129,45.3421348,19.00129,0.0,exact,both,NK Vuteks-Sloga,"Sajmište ul. 22A, 32000, Vukovar",places_textsearch
397,NK Tomislav (B),Berek,Bjelovarsko-bilogorska županija,Berek-43232BEREK-Hrvatska,45.7418725,16.8316143,45.7418725,16.8316143,0.0,exact,both,NK Tomislav Berek,"73A, 43000, Berek",places_textsearch
409,NK Hrvatski Sokol (P),Sokolovac,Bjelovarsko-bilogorska županija,"Sokolovac, Trg dr. T. Bardeka 10a, 48306 Sokolovac",46.1038615,16.7081964,46.1038615,16.7081964,0.0,exact,both,HNK Sokol Sokolovac,"Trg dr. Tomislava Bardeka 10, 48306, Sokolovac",places_textsearch
412,NK Zrinski (ZT),Farkaševec,Bjelovarsko-bilogorska županija,"Farkaševec 130, 10430 Farkaševec",45.8170132,15.746783800000001,45.8170132,15.746783800000001,0.0,exact,both,NK Zrinski Farkaševec,"Farkaševec ul. 130, 10430, Samobor",places_textsearch
413,NK Bedenik,Bedenik,Bjelovarsko-bilogorska županija,"BEDENIK 121/A, 43272 BEDENIK",45.833221099999996,17.0065795,45.833221099999996,17.0065795,0.0,exact,both,NK Bedenik,"121A, 43270, Bedenik",places_textsearch
417,NK Slavija,Staro Petrovo Selo,,"Matije Gubca 29 B, 35420 Staro Petrovo Selo",45.2267011,17.5162793,45.2267011,17.5162793,0.0,exact,both,NK Slavija Staro Petrovo Selo,"35420, Staro Petrovo Selo",places_textsearch
429,NK Imsovac,,Bjelovarsko-bilogorska županija,"Imsovac 152, Imsovac",45.5877334,17.0517924,45.5877334,17.0517924,0.0,exact,both,NK Imsovac,"43506, Imsovac",places_textsearch
432,NK Ilova,Tomašica,Bjelovarsko-bilogorska županija,"Tomašica b. b., 43280 Garešnica, Tomašica",45.4657372,16.8309206,45.4657372,16.8309206,0.0,exact,both,NK Garić Ilova,"Ul. Petra Zrinskog 10, 44320, Ilova",places_textsearch
433,NK Stari grad Rijeka,Rijeka,Primorsko-goranska županija,"Rujevica 10, 51000 Rijeka",45.3323112,14.4381356,45.3323112,14.4381356,0.0,exact,both,NK Stari grad Rijeka,"Omladinska ul. 8, 51000, Rijeka",places_textsearch
440,NK Draga,Mošćenička Draga,Primorsko-goranska županija,"Trg slobode 7, 51417 Mošćenička Draga",45.2381818,14.2515283,45.2381818,14.2515283,0.0,exact,both,NK Draga,"Aleja Slatina 7, 51417, Mošćenička Draga",places_textsearch
441,HNK Lovran,Lovran,Primorsko-goranska županija,"ul.43.istarske divizije 1/5, 51415 LOVRAN",45.2965728,14.2706173,45.2965728,14.2706173,0.0,exact,both,HNK Lovran,"43. Istarske Divizije 1/5, 51415, Lovran",places_textsearch
442,NK Lošinj,,Primorsko-goranska županija,"Ulica dr. Conrada Clara 4, Mali Lošinj",44.534302499999995,14.455125800000001,44.534302499999995,14.455125800000001,0.0,exact,both,NK Lošinj,"Ul. dr. Conrada Clara 4, 51550, Mali Lošinj",places_textsearch
449,NK Mrkopalj,,Primorsko-goranska županija,"Novi varoš 85, Mrkopalj",45.3094429,14.8602466,45.3094429,14.8602466,0.0,exact,both,NK Mrkopalj,"Ul. Novi Varoš 85, 51315, Mrkopalj",places_textsearch
450,NK Polet (SK),,Grad Zagreb,"Mrkšina ulica 67a, Zagreb",45.7555726,15.970390600000002,45.7555726,15.970390600000002,0.0,exact,both,NK Polet Sveta Klara,"Mrkšina ul. 42, 10000, Zagreb",places_textsearch
451,NK Gomirje,Vrbovsko,Primorsko-goranska županija,"Jove Stojanovića Brice 32, Gomirje",45.3442898,15.127489899999999,45.3442898,15.127489899999999,0.0,exact,both,NK Gomirje,"84VG+PX, Jove Stojanovića Brice 35, 51326, Gomirje",places_textsearch
456,NK DOŠK Dolci,Dolci,Virovitičko-podravska županija,"Dolci,33515 Orahovica",45.548795899999995,17.9262063,45.548795899999995,17.9262063,0.0,exact,both,NK DOŠK Dolci,"33515, Dolci",places_textsearch
462,NK Standard,Nova Šarovka,Virovitičko-podravska županija,"Nova Šarovka, 33520 Slatina",45.7597543,17.748602899999998,45.7597543,17.748602899999998,0.0,exact,both,NK Standard Nova Šarovka,"DRAVSKA BB, 33520, Nova Šarovka",places_textsearch
464,NK Podgorje,Podgorje,Virovitičko-podravska županija,"Sportska ulica 13,Podgorje, 33000 Virovitica",45.826154599999995,17.3390235,45.826154599999995,17.3390235,0.0,exact,both,Stadion Podgorje,"33000, Podgorje",places_textsearch
465,NK Orešac,Orešac,Virovitičko-podravska županija,"Orešac 79,Suhopolje",45.8093432,17.5727425,45.8093432,17.5727425,0.0,exact,both,NK Orešac,"Orešac 79 Suhopolje, 33410, Orešac",places_textsearch
468,NK Turnašica,Turnašica,Virovitičko-podravska županija,"Br. Radića 39, Turnašica, 33405 Pitomača",45.8909644,17.225539599999998,45.8909644,17.225539599999998,0.0,exact,both,Stadion SNK Turnašica,"33405, Turnašica",places_textsearch
471,NK Plavi,Jugovo Polje,Virovitičko-podravska županija,"Trg svetog Petra i Pavla 19, Jugovo Polje",45.7744219,17.5676334,45.7744219,17.5676334,0.0,exact,both,NK Plavi,"33412, Jugovo Polje",places_textsearch
472,NK Sveti Đurađ,,Osječko-baranjska županija,"Školska 118, Sveti Đurađ",45.7425106,18.2386449,45.7425106,18.2386449,0.0,exact,both,"NK ""Sveti Đurađ""","31552, Sveti Đurađ",places_textsearch
476,NK Papuk Osječko 1664,Orahovica,Virovitičko-podravska županija,Sjepana Radića 1-33515 Orahovica,45.5246503,17.8753322,45.5246503,17.8753322,0.0,exact,both,NK Papuk Osječko 1664,"Ul. Stjepana Radića 1, 33515, Orahovica",places_textsearch
478,NK Miholjac,Gornji Miholjac,Virovitičko-podravska županija,"Kneza Domagoja 79,Gornji Miholjac 33520",45.7694611,17.6574668,45.7694611,17.6574668,0.0,exact,both,NK Miholjac,"KNEZA DOMAGOJA BB, 33520, Gornji Miholjac",places_textsearch
482,NK Mladost Miljevci,Miljevci,Virovitičko-podravska županija,"Ivice Cicvarića bb, Miljevci-Nova Bukovica",45.6685302,17.8207828,45.6685302,17.8207828,0.0,exact,both,"NK ""Mladost"" Miljevci","Ivice Cicvarića 3, 33518, Miljevci",places_textsearch
486,NK Papuk (V),Velika,Požeško-slavonska županija,"34330 Velika, RH",45.4408415,17.662498199999998,45.4408415,17.662498199999998,0.0,exact,both,NK Papuk Velika,"34330, Velika",places_textsearch
489,NK Požega,Požega,,"Antuna Kanižlića 14a, 34000 Požega",45.3391708,17.672231,45.3391708,17.672231,0.0,exact,both,NK Požega,"34000, Požega",places_textsearch
490,NK Croatia Mihaljevci,Mihaljevci,Požeško-slavonska županija,"VINOGRADSKA 51, 34000 MIHALJEVCI",45.380055,17.6828783,45.380055,17.6828783,0.0,exact,both,NK Croatia Mihaljevci,"Ograde 2, 34000, Mihaljevci",places_textsearch
495,NK Dinamo Rajsavac,POŽEGA,Požeško-slavonska županija,Rajsavac-34000POŽEGA-Hrvatska,45.3655687,17.788949,45.3655687,17.788949,0.0,exact,both,NK DINAMO Rajsavac,"34308, Rajsavac",places_textsearch
496,NK Slaven Gradac,Gradac,Požeško-slavonska županija,"Alojzija Stepinca b. b., Gradac",45.314949299999995,17.8033291,45.314949299999995,17.8033291,0.0,exact,both,Stadion NK Slaven Gradac,"34310, Gradac",places_textsearch
500,HNK Dobrovac,Lipik,Požeško-slavonska županija,"Stjepana Radića BB, Dobrovac, 34551 Lipik",45.429101,17.1187099,45.429101,17.1187099,0.0,exact,both,HNK Dobrovac,"Stjepana Radića 94A, 34550, Dobrovac",places_textsearch
501,NK Sulkovci,,Požeško-slavonska županija,"Sulkovci 121c, Sulkovci",45.2603578,17.776027799999998,45.2603578,17.776027799999998,0.0,exact,both,NK Sulkovci,"Sulkovci, 34310, Sulkovci",places_textsearch
502,NK Croatia (DO),Stara Subocka,Požeško-slavonska županija,"Stara Subocka b. b., 44330 Novska Stara Subocka",45.3642239,16.9073897,45.3642239,16.9073897,0.0,exact,both,ŠNK Croatia Stara Subocka,"9W74+MX, 44330, Stara Subocka",places_textsearch
504,NK Omladinac Čaglin,Požega,Požeško-slavonska županija,"Dr Franje Tuđmana 9/2, 34000 Požega",45.3497457,17.990269899999998,45.3497457,17.990269899999998,0.0,exact,both,NK Omladinac Čaglin,"D53 77, 34350, Čaglin",places_textsearch
507,NK Slavonija Prekopakra,,Požeško-slavonska županija,"Matkovac, Prekopakra",45.445254999999996,17.1710505,45.445254999999996,17.1710505,0.0,exact,both,NK Slavonija Prekopakra,"C5WC+4C, Ul. Matkovac 77B, 34550, Prekopakra",places_textsearch
509,NK Posavac (R),Davor,Brodsko-posavska županija,I. Gunduluća 30 35425 Davor,45.1129356,17.5221366,45.1129356,17.5221366,0.0,exact,both,NK Posavac Davor,"Športska ul., 35425, Davor",places_textsearch
512,NK Podvinje,,Brodsko-posavska županija,"Hrvatskih boraca 20, Podvinje",45.185755,18.023351599999998,45.185755,18.023351599999998,0.0,exact,both,NK Podvinje,"Grošića put 4, 35107, Podvinje",places_textsearch
515,NK Slavonac 1980 (B),,,"Stadionska ulica 18, 35209 Bukovlje",45.183071899999995,18.0579355,45.183071899999995,18.0579355,0.0,exact,both,NK Slavonac Bukovlje,"53M5+65, Stadionska ul. 18, 35000, Bukovlje",places_textsearch
517,NK Perkovci,,Brodsko-posavska županija,"Ulica Stadionska 2, Stari Perkovci",45.225039599999995,18.3509807,45.225039599999995,18.3509807,0.0,exact,both,NK Perkovci,"35210, Stari Perkovci",places_textsearch
518,NK Raketa,Beravci,Brodsko-posavska županija,"Beravci 35221 Velika Kopanica, 35221 Beravci",45.153054999999995,18.4271735,45.153054999999995,18.4271735,0.0,exact,both,NOGOMETNI KLUB RAKETA BERAVCI,"BERAVCI BB, Beravci, 35221, Beravci",places_textsearch
524,NK Croatia Tisovac,Tisovac,Brodsko-posavska županija,"Tisovac 54, 35 420 Staro Petrovo Selo, Tisovac",45.265766199999995,17.5131753,45.265766199999995,17.5131753,0.0,exact,both,NK Croatia Tisovac,"81A, 35420, Tisovac",places_textsearch
526,NK Slavonija (B),Punitovci,Osječko-baranjska županija,"Matije Gupca 25a, 31424 Punitovci",45.4310556,18.4091555,45.4310556,18.4091555,0.0,exact,both,NK Slavonija Punitovci,"Ul. Matije Gupca 25/A, 31424, Punitovci",places_textsearch
527,NK Posavac (KA),Davor,Brodsko-posavska županija,I. Gunduluća 30 35425 Davor,45.1129356,17.5221366,45.1129356,17.5221366,0.0,exact,both,NK Posavac Davor,"Športska ul., 35425, Davor",places_textsearch
532,NK Sapci,Sapci,Brodsko-posavska županija,"Sapci 35212 Garčin, 35212 Sapci",45.1826553,18.2237616,45.1826553,18.2237616,0.0,exact,both,"Nogometni klub NK ""Sapci""","35212, Sapci",places_textsearch
539,NK Selna,,Brodsko-posavska županija,"Selna bb, Selna",45.1871617,18.156479,45.1871617,18.156479,0.0,exact,both,NOGOMETNI KLUB SELNA SELNA,"35211, Selna",places_textsearch
542,NK Mladost 1977,Bebrina,Brodsko-posavska županija,"Banovci 20, 35254 Bebrina Banovci",45.0972641,18.18282,45.0972641,18.18282,0.0,exact,both,NK MLADOST DONJA BEBRINA,"Donja Bebrina 63, 35208, Donja Bebrina",places_textsearch
549,NK Gundinci,Gundinci,Brodsko-posavska županija,"Stjepana Radića 4, 35222 Gundinci",45.1530238,18.4878119,45.1530238,18.4878119,0.0,exact,both,NK Gundinci,"Sajmišna ul. bb, 35222, Gundinci",places_textsearch
550,NK Podcrkavlje,,Brodsko-posavska županija,"Diljska  37, Podcrkavlje",45.2207414,17.9992764,45.2207414,17.9992764,0.0,exact,both,NK Podcrkavlje,"Diljska 35, 35201, Podcrkavlje",places_textsearch
553,NK Posavac (D),Davor,Brodsko-posavska županija,I. Gunduluća 30 35425 Davor,45.1129356,17.5221366,45.1129356,17.5221366,0.0,exact,both,NK Posavac Davor,"Športska ul., 35425, Davor",places_textsearch
559,NK Slobodnica,,Brodsko-posavska županija,"Slavonsko-Brodska ulica 4, Slobodnica",45.1675463,17.932919599999998,45.1675463,17.932919599999998,0.0,exact,both,Stadion NK Slobodnica,"Slavonsko-brodska ul. 2, 35252, Slobodnica",places_textsearch
562,NK Pakoštane,,Zadarska županija,"Petra Zrinskog 0, Pakoštane",43.9141993,15.501615800000001,43.9141993,15.501615800000001,0.0,exact,both,NK Pakoštane,"ul. kneza Trpimira, 23211, Pakoštane",places_textsearch
568,NŠK Raštane,,Zadarska županija,"Gornje Raštane 1, 23207 Gornje Raštane",44.019429099999996,15.444025700000001,44.019429099999996,15.444025700000001,0.0,exact,both,"Stadion Tihomir Mitrović, NŠK Raštane","1, 23207, Gornje Raštane",places_textsearch
569,NK Bibinje,,Zadarska županija,"Jadranska cesta  152, Bibinje",44.0619975,15.2962226,44.0619975,15.2962226,0.0,exact,both,NK Bibinje,"23205, Bibinje",places_textsearch
578,NK Viljevo,,Osječko-baranjska županija,"KRALJA TOMISLAVA 8, Viljevo",45.7457867,18.0595815,45.7457867,18.0595815,0.0,exact,both,NK Viljevo,"31531, Viljevo",places_textsearch
580,NK Mladost (D),Prelog,Međimurska županija,Sajmišna 29 40 323 Prelog,46.3325769,16.615233099999998,46.3325769,16.615233099999998,0.0,exact,both,NK Mladost Prelog,"Sajmišna ul. 32, 40323, Prelog",places_textsearch
581,NK Torpedo (K),Kuševac,,"I.G.Kovačića 52 b, Kuševac",45.350449999999995,18.4256062,45.350449999999995,18.4256062,0.0,exact,both,NK Torpedo Kuševac,"31400, Kuševac",places_textsearch
592,NK Sloga Koritna,,Osječko-baranjska županija,"Matije Gupca 77, Koritna",45.386544799999996,18.5721602,45.386544799999996,18.5721602,0.0,exact,both,"NK ""Sloga"" Koritna","Matije Gupca 77, 31402, Koritna",places_textsearch
594,NK Slavonija (P),Punitovci,Osječko-baranjska županija,"Matije Gupca 25a, 31424 Punitovci",45.4310556,18.4091555,45.4310556,18.4091555,0.0,exact,both,NK Slavonija Punitovci,"Ul. Matije Gupca 25/A, 31424, Punitovci",places_textsearch
599,NK Radnik (V),Vrbica,Osječko-baranjska županija,"Mrzovička bb, Vrbica",45.3100076,18.560808599999998,45.3100076,18.560808599999998,0.0,exact,both,NK Radnik Vrbica,"32284, Vrbica",places_textsearch
609,NK Dinamo (BPS),Palovec,Osječko-baranjska županija,"Športska 33, 40000, Palovec, Hrvatska",46.388218599999995,16.542961,46.388218599999995,16.542961,0.0,exact,both,NOGOMETNI KLUB DINAMO PALOVEC,"Športska 31/A, 40321, Palovec",places_textsearch
616,NK Lađanska,Lađanska,Osječko-baranjska županija,"B. J. JELAČIĆA 1A, 31500, Lađanska, Hrvatska",45.5412998,18.1571496,45.5412998,18.1571496,0.0,exact,both,"NK ""Lađanska""","D53, 31225, Lađanska",places_textsearch
626,NK Lio,Osijek,Osječko-baranjska županija,"Vatrogasna 78 31000, Osijek",45.548139899999995,18.7103863,45.548139899999995,18.7103863,0.0,exact,both,NK Lio,"31000, Jug II, Osijek",places_textsearch
627,NK Gibarac 95,Čepinski Martinci,Osječko-baranjska županija,"Bizovačka 2, Čepinski Martinci",45.514167199999996,18.4710912,45.514167199999996,18.4710912,0.0,exact,both,NK Gibarac 95,"31431, Čepinski Martinci",places_textsearch
628,NK Radnik (J),Vrbica,Osječko-baranjska županija,"Mrzovička bb, Vrbica",45.3100076,18.560808599999998,45.3100076,18.560808599999998,0.0,exact,both,NK Radnik Vrbica,"32284, Vrbica",places_textsearch
629,NK BSK Beketinci,,Osječko-baranjska županija,Čepinska 138 Beketinci,45.4521768,18.4736331,45.4521768,18.4736331,0.0,exact,both,NOGOMETNI KLUB BSK - BEKETINCI,"Čepinska ul. 138, 31403, Beketinci",places_textsearch
631,NK Slavonija Ivanovac,,Osječko-baranjska županija,"SPORTSKA 1, Ivanovac",45.4876589,18.639047299999998,45.4876589,18.639047299999998,0.0,exact,both,NK Slavonija,"Duga ul. 33A, 31216, Ivanovac",places_textsearch
636,NK Croatia (M),Velimirovac,Osječko-baranjska županija,"BANA JELAČIĆA 53A, 31500, Velimirovac, Hrvatska",45.5239257,18.1034507,45.5239257,18.1034507,0.0,exact,both,NK Croatia Velimirovac,"31500, Velimirovac",places_textsearch
638,NK Satnica,,Osječko-baranjska županija,"K. TOMISLAVA 62A, Satnica Đakovačka",45.6079502,18.4895958,45.6079502,18.4895958,0.0,exact,both,NK Satnica,"31222, Satnica",places_textsearch
640,NK Hajdin Cret,Cret,Osječko-baranjska županija,"M. Gupca 1a, Cret",45.57744220000001,18.422822,45.57744220000001,18.422822,0.0,exact,both,Nogometni klub Hajdin Cret,"31222, Cret Bizovački",places_textsearch
648,NK Beničanci,,Osječko-baranjska županija,"IVE LOLE RIBARA 53A, Beničanci",45.6396095,18.170696,45.6396095,18.170696,0.0,exact,both,"NK ""Beničanci""","Ul. Ive Lore Ribara, 31542, Beničanci",places_textsearch
656,NK Gat,Gat,Osječko-baranjska županija,"Kod kanala 2, 31554 Gat",45.7120792,18.3302862,45.7120792,18.3302862,0.0,exact,both,NK Gat,"31554, Gat",places_textsearch
658,NK Gaj Brođanci,,Osječko-baranjska županija,"Brkićeva 83, Brođanci",45.5442379,18.4578305,45.5442379,18.4578305,0.0,exact,both,NK Gaj,"31223, Brođanci",places_textsearch
660,NK Croatia (V),Velimirovac,Osječko-baranjska županija,"BANA JELAČIĆA 53A, 31500, Velimirovac, Hrvatska",45.5239257,18.1034507,45.5239257,18.1034507,0.0,exact,both,NK Croatia Velimirovac,"31500, Velimirovac",places_textsearch
664,NK Dinara,Knin,Šibensko-kninska županija,"fra. Filipa Grabovca 5. 22300, Knin",44.033121799999996,16.198903599999998,44.033121799999996,16.198903599999998,0.0,exact,both,NK Dinara,"Grabovčeva ul. 5, 22300, Knin",places_textsearch
671,HNK Mitnica,Vukovar,Vukovarsko-srijemska županija,"Prosina 56, 32000 Vukovar",45.331278399999995,19.0193691,45.331278399999995,19.0193691,0.0,exact,both,HNK Mitnica,"Prosina ul. 94, 32000, Vukovar",places_textsearch
673,NK Negoslavci,Negoslavci,Vukovarsko-srijemska županija,"B. Nerandžića 83, Negoslavci",45.2697554,18.9970401,45.2697554,18.9970401,0.0,exact,both,NK Negoslavci,"32239, Negoslavci",places_textsearch
676,NK Bršadin,Bršadin,Vukovarsko-srijemska županija,"Đure Mitrovića 9a, 32222 Bršadin",45.362365999999994,18.901070999999998,45.362365999999994,18.901070999999998,0.0,exact,both,NK Bršadin,"32222, Bršadin",places_textsearch
677,NK Zrinski (B),,,"Zrinski Topolovac 274, Zrinski Topolovac",45.8170132,15.746783800000001,45.8170132,15.746783800000001,0.0,exact,both,NK Zrinski Farkaševec,"Farkaševec ul. 130, 10430, Samobor",places_textsearch
682,NK Borac (R),Bakar,Vukovarsko-srijemska županija,"Primorje 39, 51222 Bakar, Hrvatska/Croatia",45.306381699999996,14.545684200000002,45.306381699999996,14.545684200000002,0.0,exact,both,NK Borac Bakar,"Senjska ul. 168, 51222, Bakar",places_textsearch
683,NK Borinci,Jarmina,,"A. Šenoe 5 a, 32280 Jarmina",45.3206683,18.732207799999998,45.3206683,18.732207799999998,0.0,exact,both,NK Borinci,"32280, Jarmina",places_textsearch
687,NK Sloga (NM),Vukovar,Vukovarsko-srijemska županija,"Sajmište b. b., Vukovar",45.3421348,19.00129,45.3421348,19.00129,0.0,exact,both,NK Vuteks-Sloga,"Sajmište ul. 22A, 32000, Vukovar",places_textsearch
698,HNK Dunav,Sotin,Vukovarsko-srijemska županija,"Ul. bana Josipa Jelačića 27B, 32000, Sotin",45.2894067,19.1056363,45.2894067,19.1056363,0.0,exact,both,ŠNK Dunav Sotin,"M.OREŠKOVIĆA, 32232, Sotin",places_textsearch
702,NK Mladost Svinjarevci,Svinjarevci,Vukovarsko-srijemska županija,"Svinjarevci, Stadion bb, 32242 Svinjarevci",45.2539029,18.9741575,45.2539029,18.9741575,0.0,exact,both,NK Mladost Svinjarevci,"32242, Svinjarevci",places_textsearch
703,NK Mohovo,,Vukovarsko-srijemska županija,"Braće Radića 42, Mohovo",45.2408278,19.217664199999998,45.2408278,19.217664199999998,0.0,exact,both,HNK Mohovo,"32234, Mohovo",places_textsearch
706,NK Budućnost  (Š),Šiškovci,Vukovarsko-srijemska županija,"Tomislavova b. b. 32272, Šiškovci",45.1961756,18.641183299999998,45.1961756,18.641183299999998,0.0,exact,both,NK BUDUĆNOST ŠIŠKOVCI,"Ul. kralja Tomislava 7A, 32270, Šiškovci",places_textsearch
708,NK Borac (D),Bakar,Vukovarsko-srijemska županija,"Primorje 39, 51222 Bakar, Hrvatska/Croatia",45.306381699999996,14.545684200000002,45.306381699999996,14.545684200000002,0.0,exact,both,NK Borac Bakar,"Senjska ul. 168, 51222, Bakar",places_textsearch
712,NK RAŠK,RAJEVO SELO,Vukovarsko-srijemska županija,ZRINSKIH I FRANKOPANA 60/A-32261 RAJEVO SELO-Croatia,44.9253417,18.775374199999998,44.9253417,18.775374199999998,0.0,exact,both,Nogometni klub Rašk,"Zrinskih i Frankopana, 32261, Rajevo Selo",places_textsearch
713,NK Marinci,,Vukovarsko-srijemska županija,"Hrvatskog vojnika 16, Marinci",45.340319699999995,18.9070204,45.340319699999995,18.9070204,0.0,exact,both,NK Marinci - nogometno igralište i klub,"Ul. hrvatskih vojnika 47/A, 32221, Marinci",places_textsearch
714,NK Čelik,Gaboš,Vukovarsko-srijemska županija,"b. b., 32212 Gaboš",45.3516036,18.7438157,45.3516036,18.7438157,0.0,exact,both,NOGOMETNI KLUB ČELIK GABOŠ,"JOVANA JOVANOVIĆA 46, Gaboš, 32212, Gaboš",places_textsearch
716,NK Lipovac,Lipovac,Vukovarsko-srijemska županija,"Matije Gupca 5, 32246 Lipovac",45.0505214,19.0717399,45.0505214,19.0717399,0.0,exact,both,Stadion NK Lipovac,"Ul. Cvijetno naselje 90, 32246, Lipovac",places_textsearch
719,HNK Vinkovci,Vinkovci,Vukovarsko-srijemska županija,"A. K. Miošića 41, 32100 Vinkovci",45.2854865,18.798821500000003,45.2854865,18.798821500000003,0.0,exact,both,HNK Vinkovci,"Ul. Dragutina Žanića Karle 10, 32100, Vinkovci",places_textsearch
720,NK Podgrađe,,Vukovarsko-srijemska županija,"Školska 8, Podgrađe",45.110317699999996,19.0350409,45.110317699999996,19.0350409,0.0,exact,both,NK Podgrađe,"426P+42, Školska 8, 32252, Podgrađe",places_textsearch
725,NK OSK,Otok,,"Ulica sv. Luke 8, Otok",43.69012970000001,16.728342899999998,43.69012970000001,16.728342899999998,0.0,exact,both,Nogometni klub OSK - Otok,"Ul. Svetog Luke 8, 21238, Otok",places_textsearch
735,NK Postira - Sardi,,Splitsko-dalmatinska županija,"Podježice 2, 21410 Postira",43.375366199999995,16.6278513,43.375366199999995,16.6278513,0.0,exact,both,FC Postira Sardi Stadium,"Postira, 21410, Postira",places_textsearch
739,NK Jelsa,,Splitsko-dalmatinska županija,"Jelsa 1019A, Jelsa",43.1647927,16.6825921,43.1647927,16.6825921,0.0,exact,both,NK Jelsa,"1019, 21465, Jelsa",places_textsearch
746,NK Dajla,Novigrad,Istarska županija,"Dajla Belveder 48 52466 Novigrad, Dajla",45.3529209,13.553431499999999,45.3529209,13.553431499999999,0.0,exact,both,NK Dajla,"52466, Dajla",places_textsearch
751,NK Iskra,Labin,Istarska županija,"Dom kulture Vinež b. b. 52220 Labin, Vinež",45.1071205,14.111881799999999,45.1071205,14.111881799999999,0.0,exact,both,NK Iskra Vinež,"Zelenice ul. 70, 52220, Labin",places_textsearch
753,NK Istra - Pula,,Istarska županija,"Brajde 9a, Tar",44.861433399999996,13.850824099999999,44.861433399999996,13.850824099999999,0.0,exact,both,NK Istra 1961,"Ul. Mate Balote 11, 52100, Pula",places_textsearch
762,NK Hajduk 1932,Vela Luka,Dubrovačko-neretvanska županija,"Obala 3 19, 20270 Vela Luka",42.9554901,16.71657,42.9554901,16.71657,0.0,exact,both,NK Hajduk 1932 Vela Luka,"Ul. 47, 20270, Vela Luka",places_textsearch
764,NK Croatia Gabrili,,Dubrovačko-neretvanska županija,"Gabrili  bb, Gabrili",42.568608999999995,18.298622,42.568608999999995,18.298622,0.0,exact,both,NK Croatia Gabrili,"Gabrili 48, 20217, Gabrili",places_textsearch
765,NK Maestral,Krvavac,Dubrovačko-neretvanska županija,"Sportska 5, 20341 Krvavac",43.02440970000001,17.5800196,43.02440970000001,17.5800196,0.0,exact,both,Stadion LIMAN - NK Maestral,"20355, Krvavac",places_textsearch
767,NK Žrnovo,Žrnovo,Dubrovačko-neretvanska županija,"Žrnovo 144, 20275 Žrnovo",42.9373472,17.1045441,42.9373472,17.1045441,0.0,exact,both,NK Žrnovo,"321B, 20260, Žrnovo",places_textsearch
770,HNK Rat,KUNA,Dubrovačko-neretvanska županija,KUNA PELJEŠKA-20243KUNA-Croatia,42.9639713,17.345674,42.9639713,17.345674,0.0,exact,both,Nogometno Igralište NK Rat Kuna Pelješka,"20243, Kuna Pelješka",places_textsearch
776,NK Zasadbreg 77,,Međimurska županija,"Zasadbreg 230, Zasadbreg",46.4436253,16.4152299,46.4436253,16.4152299,0.0,exact,both,NK Zasadbreg,"40311, Zasadbreg",places_textsearch
804,NK Mladost (SM),Bjelovar,,"Daruvarska ul. 42, Ždralovi, 43000 Bjelovar",45.8829001,16.865572699999998,45.8829001,16.865572699999998,0.0,exact,both,NK Mladost Ždralovi,"Daruvarska ul. 42, 43000, Ždralovi",places_textsearch
805,NK Vidovčan,Donji Vidovec,Međimurska županija,"-, Donji Vidovec",46.3290058,16.7926119,46.3290058,16.7926119,0.0,exact,both,NK Vidovčan,"Ul. Rade Končara 62, 40327, Donji Vidovec",places_textsearch
807,NK Borac PMP,Bakar,Međimurska županija,"Primorje 39, 51222 Bakar, Hrvatska/Croatia",45.306381699999996,14.545684200000002,45.306381699999996,14.545684200000002,0.0,exact,both,NK Borac Bakar,"Senjska ul. 168, 51222, Bakar",places_textsearch
810,NK Croatia Orehovica,Orehovica,Međimurska županija,"Nikole Tesle 25, Orehovica",46.3275947,16.5070323,46.3275947,16.5070323,0.0,exact,both,NK Croatia Orehovica,"Ul. Nikole Tesle 25, 40322, Orehovica",places_textsearch
813,NK Otok,Otok,Međimurska županija,Otok,46.3290176,16.58115,46.3290176,16.58115,0.0,exact,both,NK Otok,"Unnamed Road, 40323, Otok",places_textsearch
822,NK Borac (DH),Bakar,Međimurska županija,"Primorje 39, 51222 Bakar, Hrvatska/Croatia",45.306381699999996,14.545684200000002,45.306381699999996,14.545684200000002,0.0,exact,both,NK Borac Bakar,"Senjska ul. 168, 51222, Bakar",places_textsearch
823,NK Mali Mihaljevec,Čakovec,Međimurska županija,"Športska 2, Čakovec",46.4305734,16.4017154,46.4305734,16.4017154,0.0,exact,both,NOGOMETNI KLUB MALI MIHALJEVEC MALI MIHALJEVEC,"Prvomajska ul. 1, 40311, Mali Mihaljevec",places_textsearch
837,NK Jakšić,Jakšić,,"Pavla Radića 12, Jakšić",45.3553955,17.757187899999998,45.3553955,17.757187899999998,0.0,exact,both,NK Jakšić,"D51 1, 34308, Jakšić",places_textsearch
838,NK Hajduk Pakrac,,,"Ulica hrvatske policije iz Domovinskog rata 1, Pakrac",45.429738,17.1936598,45.429738,17.1936598,0.0,exact,both,NK Hajduk,"Ulica kralja Tomislava bb, 34550, Pakrac",places_textsearch
839,NK Zadrugar,Oprisavci,,"Hrvatskih velikana 12, 35213 Oprisavci",45.146904199999994,18.2139831,45.146904199999994,18.2139831,0.0,exact,both,NOGOMETNI KLUB ZADRUGAR OPRISAVCI,"35213, Oprisavci",places_textsearch
842,NK Psunj Sokol,Okučani,Brodsko-posavska županija,"Grigora Viteza 12 A, 35430 Okučani",45.2558187,17.2046951,45.2558187,17.2046951,0.0,exact,both,NK Psunj Sokol,"Grigora Viteza bb, 35430, Okučani",places_textsearch
847,NK Rovinj,,,"Ulica Stjepana Radića - Via Stjepan Radić 1, Rovinj - Rovigno",45.076577199999996,13.6468226,45.076577199999996,13.6468226,0.0,exact,both,NK Rovinj,"52210, Rovinj",places_textsearch
848,NK Borac (BA),Bakar,,"Primorje 39, 51222 Bakar, Hrvatska/Croatia",45.306381699999996,14.545684200000002,45.306381699999996,14.545684200000002,0.0,exact,both,NK Borac Bakar,"Senjska ul. 168, 51222, Bakar",places_textsearch
850,NK Klana,Klana,Primorsko-goranska županija,"Općina Klana, Klana 33, 51217 Klana",45.4458823,14.379106600000002,45.4458823,14.379106600000002,0.0,exact,both,Nogometni Klub Klana,"Unnamed Road, 51217, 51217, Klana",places_textsearch
851,NK Umag - CC Umago,,Istarska županija,"Umag, Savudrijska cesta 15., 52470 Umag",45.446729399999995,13.521673799999999,45.446729399999995,13.521673799999999,0.0,exact,both,NK Umag-CC Umago,"Savudrijska ul. 15, 52470, Umag",places_textsearch
853,NK Mladost (F),Bjelovar,,"Daruvarska ul. 42, Ždralovi, 43000 Bjelovar",45.8829001,16.865572699999998,45.8829001,16.865572699999998,0.0,exact,both,NK Mladost Ždralovi,"Daruvarska ul. 42, 43000, Ždralovi",places_textsearch
855,NK Medulin 1921,,,"Centar 58, Medulin",44.8126544,13.938114899999999,44.8126544,13.938114899999999,0.0,exact,both,NK Medulin 1921,"52203, Medulin",places_textsearch
856,NK Funtana,Funtana,Istarska županija,"Funtana, Ograde 27",45.1707093,13.610468,45.1707093,13.610468,0.0,exact,both,Nogometni klub Funtana,"Ograde ul. 26, 52452, Funtana",places_textsearch
859,NK Gospić 91,Gospić,,"Budačka 24/b, 53000 Gospić",44.5494499,15.378810800000002,44.5494499,15.378810800000002,0.0,exact,both,NK Gospić '91,"53000, Gospić",places_textsearch
863,NK Višnjevac,Višnjevac,,"N. Š. Zrinskog 26a, 31220 Višnjevac",45.5602142,18.6179034,45.5602142,18.6179034,0.0,exact,both,NK i ŽNK Višnjevac,"Ul. Nikole Šubića Zrinskog, 31220, Višnjevac",places_textsearch
871,NK Borac (BO),Bakar,,"Primorje 39, 51222 Bakar, Hrvatska/Croatia",45.306381699999996,14.545684200000002,45.306381699999996,14.545684200000002,0.0,exact,both,NK Borac Bakar,"Senjska ul. 168, 51222, Bakar",places_textsearch
872,Rugvica Sava 1976,Rugvica,,"Trg dr. Franje Tuđmana 1, Rugvica",45.7514371,16.2295111,45.7514371,16.2295111,0.0,exact,both,NK Rugvica Sava,"Trg dr Franje Tuđmana 1, 10372, Rugvica",places_textsearch
873,"ŠNM NK""Naftaš Ivanić""",Velika Gorica,Zagrebačka županija,"Ljudevita Gaja 25, 10410 Velika Gorica",45.7054895,16.3872778,45.7054895,16.3872778,0.0,exact,both,NK Ivanić City,"Omladinska ul., 10310, Ivanić-Grad",places_textsearch
876,NK Lekenik,,Sisačko-moslavačka županija,"Ulica Herman Gmainer 6, Lekenik",45.5908961,16.203563,45.5908961,16.203563,0.0,exact,both,NK Lekenik,"44272, Lekenik",places_textsearch
877,NK Topusko,,Sisačko-moslavačka županija,"Školska 55, Topusko",45.296385199999996,15.981437499999998,45.296385199999996,15.981437499999998,0.0,exact,both,NK Topusko,"44415, Topusko",places_textsearch
878,NK Sava Strmec,Strmec,,"Trg Lazina 1/a, 10434 Strmec",45.820295900000005,15.7962527,45.820295900000005,15.7962527,0.0,exact,both,NK Sava Strmec,"Trg Lazina 1A, 10434, Strmec",places_textsearch
879,NK Zelina,Sveti Ivan Zelina,,"Vladimira Nazora 62, 10380 Sveti Ivan Zelina, Hrvatska",45.9646568,16.252758,45.9646568,16.252758,0.0,exact,both,NK Zelina,"Ul. Vladimira Nazora 62, 10380, Sveti Ivan Zelina",places_textsearch
882,NK Stupnik,Stupnik,Zagrebačka županija,"Stupnik, Zagreb",45.7376514,15.857548599999998,45.7376514,15.857548599999998,0.0,exact,both,NK Stupnik,"10255, Donji Stupnik",places_textsearch
883,NK Mraclin,,Zagrebačka županija,"Galekovića Ladislava 1A, Mraclin",45.661992500000004,16.0998114,45.661992500000004,16.0998114,0.0,exact,both,NK Mraclin,"1b, Ul. Galekovića Ladislava, 10410, Mraclin",places_textsearch
886,NK Top,KERESTINEC,Zagrebačka županija,"Rimski trg 1, 10431, KERESTINEC, Hrvatska",45.7681453,15.8032372,45.7681453,15.8032372,0.0,exact,both,NK Top Kerestinec,"Rimski trg 1, 10431, Kerestinec",places_textsearch
887,NK Zagreb City,Zagreb,Grad Zagreb,"Veslačka 1a, 10000 Zagreb",45.8141904,16.044743699999998,45.8141904,16.044743699999998,0.0,exact,both,NK Zagreb City,"Borongajska cesta 83d, 10000, Zagreb",places_textsearch
888,NK Mladost (Z),Bjelovar,,"Daruvarska ul. 42, Ždralovi, 43000 Bjelovar",45.8829001,16.865572699999998,45.8829001,16.865572699999998,0.0,exact,both,NK Mladost Ždralovi,"Daruvarska ul. 42, 43000, Ždralovi",places_textsearch
889,NK Zelengaj 1948,,Grad Zagreb,"Zelengaj 75, 42000, Varaždin, 42000 Donji Kućan",45.763691699999995,15.9995538,45.763691699999995,15.9995538,0.0,exact,both,NK Zelengaj 1948,"Ulica sv. Mateja 87, 10000, Zagreb",places_textsearch
894,NK Bedekovčina,Bedekovčina,,Prilaz jezerima b. b. Bedekovčina,46.041428599999996,16.0026392,46.041428599999996,16.0026392,0.0,exact,both,NK Bedekovčina,"bb, prilaz Jezerima, 49221, Bedekovčina",places_textsearch
895,NK Odra,Zagreb,,"10020 Zagreb, Svetog Izidora 16",45.7273795,15.9914087,45.7273795,15.9914087,0.0,exact,both,NK Odra,"Ul. Svetog Izidora 16, 10000, Odra",places_textsearch
899,NK Klanjec,Klanjec,Krapinsko-zagorska županija,"Novodvorska ulica 7, Mihanovićev Dol",46.0430482,15.734119999999997,46.0430482,15.734119999999997,0.0,exact,both,NK Klanjec,"Novodvorska ul. 7, 49290, Klanjec",places_textsearch
901,NK Ogulin,,Karlovačka županija,"Sveti Petar 0, Sveti Petar",45.261696099999995,15.229045199999998,45.261696099999995,15.229045199999998,0.0,exact,both,NK Ogulin,"Bolnička ul. 7A, 47300, Ogulin",places_textsearch
